user_id,uuid,created_at,movie_name,like_count,comment_uuid,updated_at,entity_type,sort_key,is_spoiler,type,text,image,reply_count,entity_uuid,spoiler_count,report_count,replies,series_name,expires_at,last_read
13991889,f8e2400a-6f63-4298-936b-0f4168c6be5d,2019-11-16 19:47:59,The Inventor: Out for Blood in Silicon Valley,4,f8e2400a-6f63-4298-936b-0f4168c6be5d,2019-11-16 19:47:59,movie,comment-1573933678-f8e2400a-6f63-4298-936b-0f4168c6be5d,false,comment,Interesante historia,,0,ad66bc35-4213-4ff3-8b9a-4a135b844560,0,0,,,,
13991889,0ce23ad4-3482-439c-b919-ea36366f9c96,2020-02-24 04:52:37,El Robo del Siglo,4,0ce23ad4-3482-439c-b919-ea36366f9c96,2020-02-24 04:52:37,movie,comment-1582519956-0ce23ad4-3482-439c-b919-ea36366f9c96,false,comment,"Excelente película, me sorprendió",,0,eddfb088-fcb9-4b7a-b385-f89891c70bb0,0,0,,,,
13991889,99ff24d9-6490-4dbc-9ffe-72a551cb6550,2020-10-17 04:29:20,Death at a Funeral,0,99ff24d9-6490-4dbc-9ffe-72a551cb6550,2020-10-17 04:29:20,movie,comment-1602908959-99ff24d9-6490-4dbc-9ffe-72a551cb6550,false,comment,Alguien sabe dónde verla? En latino,,0,e3ae9a97-fdf0-44cf-b941-5b7a441fb23b,0,0,,,,
13991889,22198a86-2d95-495c-a405-ba1581b52b97,2020-11-22 03:21:04,The New Mutants,2,22198a86-2d95-495c-a405-ba1581b52b97,2020-11-22 03:21:04,movie,comment-1606015263-22198a86-2d95-495c-a405-ba1581b52b97,false,comment,"La referencia a Logan.. Más bien conexión, supongo que esto sucede varios años después de eso",map[format:gif height:320 is_meme:false url:https://media.tenor.co/images/7de25ac4431d78c3172f23fcba5eb1e4/tenor.gif uuid:660efd73-196f-45c6-9821-f7d1519b878c width:320],0,1f49fe0f-f7c4-44b3-945a-f6d2eee30892,0,0,,,,
13991889,830af680-5e17-40dc-a9b4-1fae892fdfe2,2021-11-27 04:21:02,Venom: Let There Be Carnage,0,830af680-5e17-40dc-a9b4-1fae892fdfe2,2021-11-27 04:21:02,movie,comment-1637986861-830af680-5e17-40dc-a9b4-1fae892fdfe2,false,comment,"EXCELENTE, me pareció bastante mejor que la primera y la escena post-creditos.. 🔥🔥",,0,53a7de87-a4b4-45be-b204-11760412bbd5,0,0,,,,
13991889,,2020-03-28 08:41:10,,,01252743-58c6-40b3-bf2f-b5d3404b96c3,,,like-01252743-58c6-40b3-bf2f-b5d3404b96c3-13991889,,like,,,,3712b620-e56c-43da-8bce-2e7dfff73023,,,,,,
13991889,,2020-05-11 07:11:55,,,026d22a6-be2e-4c51-9ef5-35645aa88feb,,,like-026d22a6-be2e-4c51-9ef5-35645aa88feb-13991889,,like,,,,dc54c8a7-afaf-43de-a875-916e25d5e9d4,,,,,,
13991889,,2019-06-24 20:19:27,,,035148c8-c817-441f-9cab-e3b23c52fd98,,,like-035148c8-c817-441f-9cab-e3b23c52fd98-13991889,,like,,,,893a25c0-819d-46a3-8503-cacca4c91510,,,,,,
13991889,,2019-04-02 00:04:05,,,05e6109b-2363-4623-85ed-9a49075c906f,,,like-05e6109b-2363-4623-85ed-9a49075c906f-13991889,,like,,,,ef0232ea-b8dd-499e-89a5-26520e7dc3d7,,,,,,
13991889,,2020-08-17 16:22:07,,,06c7a060-1b88-48d8-bf02-0b1eb670ed33,,,like-06c7a060-1b88-48d8-bf02-0b1eb670ed33-13991889,,like,,,,77eef80f-4b00-459a-a3ff-840838ee0bfc,,,,,,
13991889,,2019-02-21 18:22:41,,,06f6b020-9368-4b56-904d-8dea0d45b21a,,,like-06f6b020-9368-4b56-904d-8dea0d45b21a-13991889,,like,,,,94de3669-6753-4666-8fba-822be53c7ab2,,,,,,
13991889,,2019-06-09 18:48:12,,,0741ebd3-1ab1-4efc-9e8a-5a2adcd77b3a,,,like-0741ebd3-1ab1-4efc-9e8a-5a2adcd77b3a-13991889,,like,,,,f5c1a43c-ae1e-44a7-93ec-a308007b7331,,,,,,
13991889,,2019-07-06 08:14:56,,,08706ae2-1cca-4e76-8339-f860ed13bed3,,,like-08706ae2-1cca-4e76-8339-f860ed13bed3-13991889,,like,,,,cb48ca72-43d1-4bdb-aa80-56dd7f04a43a,,,,,,
13991889,,2019-08-09 01:06:33,,,08bb596a-5b6f-47f6-a96a-ad76115f3dc9,,,like-08bb596a-5b6f-47f6-a96a-ad76115f3dc9-13991889,,like,,,,a332deb4-0cbd-4d7a-bcd0-14241704e1f7,,,,,,
13991889,,2019-03-24 11:37:48,,,09fc79da-2815-4a67-90bb-f9aeb0222828,,,like-09fc79da-2815-4a67-90bb-f9aeb0222828-13991889,,like,,,,0f47245c-de08-4781-9907-c6d19bb9c3fb,,,,,,
13991889,,2017-08-29 01:29:02,,,0a57d0f2-8b10-4f95-b877-a84ec8f05ec9,,,like-0a57d0f2-8b10-4f95-b877-a84ec8f05ec9-13991889,,like,,,,9527a36f-27d9-46ed-81c5-8932c25dbe01,,,,,,
13991889,,2019-10-22 19:07:12,,,0b27e07b-2ba0-43b4-84b4-d2c3f468839c,,,like-0b27e07b-2ba0-43b4-84b4-d2c3f468839c-13991889,,like,,,,4a4838c5-d70b-44ac-8aa5-25b29acf128a,,,,,,
13991889,,2019-11-08 18:54:59,,,0bf4a7ae-066b-43e5-aa30-6b4f673f773e,,,like-0bf4a7ae-066b-43e5-aa30-6b4f673f773e-13991889,,like,,,,66d324cd-2965-419d-8410-712fe6b23bf3,,,,,,
13991889,,2018-09-14 20:00:13,,,0c5c9ac2-0728-46df-8caa-e7f59c4e3691,,,like-0c5c9ac2-0728-46df-8caa-e7f59c4e3691-13991889,,like,,,,1e04cf2f-6592-44cf-891c-11aff81e0a1e,,,,,,
13991889,,2019-05-30 13:40:38,,,0cbdee04-5b69-497e-9fb4-028eb2c63594,,,like-0cbdee04-5b69-497e-9fb4-028eb2c63594-13991889,,like,,,,a75ccfd2-fa57-4ff6-81ed-81316522ed41,,,,,,
13991889,,2019-10-04 18:26:56,,,0cdd8652-2af4-40bd-9a95-5da5626f3c59,,,like-0cdd8652-2af4-40bd-9a95-5da5626f3c59-13991889,,like,,,,396cce5b-323d-4166-a11b-d9d0cf9e0ef2,,,,,,
13991889,,2020-08-13 15:05:52,,,0ecee91e-c500-40b5-bb7c-408613fcd13c,,,like-0ecee91e-c500-40b5-bb7c-408613fcd13c-13991889,,like,,,,bdb27836-c06f-4c6c-ac6f-1a2d9a8af4a8,,,,,,
13991889,,2020-01-17 05:09:49,,,0f0831ed-07be-473a-af21-b24606182c8c,,,like-0f0831ed-07be-473a-af21-b24606182c8c-13991889,,like,,,,56be0334-37ec-49bc-b0f0-7869cef2f102,,,,Travelers (2016),,
13991889,,2020-10-12 05:18:05,Ahí te encargo,,1059a193-43c6-4c2b-b144-54f7d05b108a,,,like-1059a193-43c6-4c2b-b144-54f7d05b108a-13991889,,like,,,,443eb839-2bb0-4743-9116-55b37647c102,,,,,,
13991889,,2019-06-09 18:48:05,,,1119ec4e-209d-400d-a943-d193ca448fe9,,,like-1119ec4e-209d-400d-a943-d193ca448fe9-13991889,,like,,,,f5c1a43c-ae1e-44a7-93ec-a308007b7331,,,,,,
13991889,,2020-03-28 08:40:31,,,120aafb9-3a55-4f0c-91dc-f5b1e950f355,,,like-120aafb9-3a55-4f0c-91dc-f5b1e950f355-13991889,,like,,,,3712b620-e56c-43da-8bce-2e7dfff73023,,,,,,
13991889,,2019-10-04 18:27:14,,,121c2531-2ff0-4e36-b8eb-f27dd2117ad4,,,like-121c2531-2ff0-4e36-b8eb-f27dd2117ad4-13991889,,like,,,,fe3a6bda-fb28-46da-a681-2d8ba4065433,,,,,,
13991889,,2019-12-19 17:23:41,,,12951f32-450e-43ea-bde5-c31bb67ee3ff,,,like-12951f32-450e-43ea-bde5-c31bb67ee3ff-13991889,,like,,,,8c3bd532-9382-4d1a-9f8f-9aead1664204,,,,,,
13991889,,2022-05-16 04:18:36,,,13f29c9b-0da4-46f3-a155-febd49a9a288,,,like-13f29c9b-0da4-46f3-a155-febd49a9a288-13991889,,like,,,,3886f0ed-5eaf-4144-8c06-9b2d1247e128,,,,,,
13991889,,2017-10-11 03:26:55,,,1464cf6f-a3f5-44fb-85fc-28789f2d1800,,,like-1464cf6f-a3f5-44fb-85fc-28789f2d1800-13991889,,like,,,,6aaf3fda-c9ea-4013-aff8-5a3532727640,,,,,,
13991889,,2023-11-18 15:15:32,,,14f91677-b969-4644-8e9f-1696e7f2751e,,,like-14f91677-b969-4644-8e9f-1696e7f2751e-13991889,,like,,,,9ea961b5-e080-42ac-ac49-348f8d9ced7b,,,,,,
13991889,,2022-04-30 18:24:07,,,15041273-fa66-4b7b-a4c5-141677294f85,,,like-15041273-fa66-4b7b-a4c5-141677294f85-13991889,,like,,,,57dda3cc-b500-4cf2-9b18-14fb37697f2c,,,,,,
13991889,,2020-03-28 08:41:57,,,15ef466f-bf70-4675-9305-598e4babd540,,,like-15ef466f-bf70-4675-9305-598e4babd540-13991889,,like,,,,3712b620-e56c-43da-8bce-2e7dfff73023,,,,,,
13991889,,2019-12-11 20:26:18,,,15f78931-c0cf-48b7-b242-994a445c24de,,,like-15f78931-c0cf-48b7-b242-994a445c24de-13991889,,like,,,,0a968eff-7d1f-45ac-a096-923adbc24c9f,,,,Peaky Blinders,,
13991889,,2019-09-23 14:40:34,,,1619b87a-025f-49b3-bd7f-7d7a19b3d2f6,,,like-1619b87a-025f-49b3-bd7f-7d7a19b3d2f6-13991889,,like,,,,12a65603-9c47-43b4-bc08-dbe380a83a05,,,,,,
13991889,,2019-12-19 17:20:57,,,1852b568-f537-442d-9eba-02df6025cfc5,,,like-1852b568-f537-442d-9eba-02df6025cfc5-13991889,,like,,,,37a16e11-5edb-4429-9071-e5fb5584933b,,,,,,
13991889,,2019-09-28 09:10:07,,,197520f3-2b7a-47a9-8bbd-93fb106980f8,,,like-197520f3-2b7a-47a9-8bbd-93fb106980f8-13991889,,like,,,,968fe779-426b-48f5-8c2a-a128779f5fad,,,,,,
13991889,,2019-07-06 08:14:18,,,1b882680-6d81-4330-bf2a-6b996fb98469,,,like-1b882680-6d81-4330-bf2a-6b996fb98469-13991889,,like,,,,e26a9c5c-4c7b-4f70-ab56-815915804cd7,,,,,,
13991889,,2019-03-21 23:13:56,,,1c9ede01-47cb-4d35-9b86-eb167a4020ef,,,like-1c9ede01-47cb-4d35-9b86-eb167a4020ef-13991889,,like,,,,c4d25c16-793e-451f-980d-593ac73d7538,,,,,,
13991889,,2023-12-03 23:52:35,となりのトトロ,,1caa51c8-d701-49a0-9510-0696c72cb9c7,,,like-1caa51c8-d701-49a0-9510-0696c72cb9c7-13991889,,like,,,,fe58d6ce-6230-4486-8986-811ce0fe4c9e,,,,,,
13991889,,2019-09-23 14:40:32,,,1d6918d0-83d1-434c-b321-3603ad8c9fce,,,like-1d6918d0-83d1-434c-b321-3603ad8c9fce-13991889,,like,,,,12a65603-9c47-43b4-bc08-dbe380a83a05,,,,,,
13991889,,2021-05-22 03:58:37,,,1d97f617-c40c-4567-bc51-222b504aafeb,,,like-1d97f617-c40c-4567-bc51-222b504aafeb-13991889,,like,,,,190d385d-5c35-433f-9c46-76edc750be08,,,,,,
13991889,,2020-07-30 04:29:49,,,20d3d40b-3978-425d-b628-5908d3302847,,,like-20d3d40b-3978-425d-b628-5908d3302847-13991889,,like,,,,930dda08-74ac-45ba-86c5-0feac330fae9,,,,Akame ga Kill!,,
13991889,,2020-03-26 22:29:12,,,23226f46-52fe-41af-8565-5cf64f4c7b20,,,like-23226f46-52fe-41af-8565-5cf64f4c7b20-13991889,,like,,,,67281ca4-5295-42b7-a1df-4ec77778526b,,,,,,
13991889,,2020-07-27 06:50:18,,,2377aa32-475f-4267-9b9d-1b29e391c57c,,,like-2377aa32-475f-4267-9b9d-1b29e391c57c-13991889,,like,,,,43f2be08-5475-4968-82c3-6220f7af3b09,,,,,,
13991889,,2023-11-18 15:15:20,,,23a88026-3719-442b-baa9-d861f55494bb,,,like-23a88026-3719-442b-baa9-d861f55494bb-13991889,,like,,,,9ea961b5-e080-42ac-ac49-348f8d9ced7b,,,,,,
13991889,,2020-07-25 04:59:53,,,23a9d6a8-7e58-427c-8321-11ce5bbb2c20,,,like-23a9d6a8-7e58-427c-8321-11ce5bbb2c20-13991889,,like,,,,d025bcff-3615-4bc2-bce1-1825b67b9a60,,,,Better Call Saul,,
13991889,,2019-06-10 05:56:25,,,23bcb58f-8c05-418d-8150-9d3a308f9d92,,,like-23bcb58f-8c05-418d-8150-9d3a308f9d92-13991889,,like,,,,b6ecd42b-d48c-498e-95f1-b5ad84f0cfc3,,,,,,
13991889,,2020-02-02 06:38:03,Ford v Ferrari,,246b29e7-9e11-45eb-b59d-141fbeadc5fc,,,like-246b29e7-9e11-45eb-b59d-141fbeadc5fc-13991889,,like,,,,ec7e56de-b756-4691-908c-e5f994ec6a8b,,,,,,
13991889,,2020-01-14 19:51:05,,,2522b036-38c0-4c7e-b99c-fcb543c26279,,,like-2522b036-38c0-4c7e-b99c-fcb543c26279-13991889,,like,,,,833f270c-06b5-489c-95c3-a16387cc1107,,,,,,
13991889,,2020-07-16 05:21:27,トレーニング・オブ・ザ・デッド,,2641609c-1b49-41bc-838f-cd326fb2139b,,,like-2641609c-1b49-41bc-838f-cd326fb2139b-13991889,,like,,,,3e714958-1e05-47e5-8cb6-595ca3ce4dce,,,,,,
13991889,,2019-12-19 17:24:09,,,26a89d27-0cfe-4c99-b8e5-f77dd1f686a7,,,like-26a89d27-0cfe-4c99-b8e5-f77dd1f686a7-13991889,,like,,,,8c3bd532-9382-4d1a-9f8f-9aead1664204,,,,,,
13991889,,2026-02-16 02:55:09,,,2726e15a-20fb-432a-af60-d198fbec320d,,,like-2726e15a-20fb-432a-af60-d198fbec320d-13991889,,like,,,,02585a53-a782-4ec5-a8dd-b9491a688f4f,,,,,,
13991889,,2021-09-28 17:32:56,,,274f74ee-d199-4761-a584-911fa1d61409,,,like-274f74ee-d199-4761-a584-911fa1d61409-13991889,,like,,,,568b24f5-a4f9-4339-a8cd-452656c30721,,,,,,
13991889,,2020-07-25 05:00:27,,,28bdfa6f-d7da-4687-9898-61ad191d1317,,,like-28bdfa6f-d7da-4687-9898-61ad191d1317-13991889,,like,,,,d025bcff-3615-4bc2-bce1-1825b67b9a60,,,,Better Call Saul,,
13991889,,2021-04-30 03:56:44,劇場版「鬼滅の刃」 無限列車編,,2aa70175-4f80-43d2-892c-991cc443a651,,,like-2aa70175-4f80-43d2-892c-991cc443a651-13991889,,like,,,,25d72184-f66a-4965-a647-8cbd74c2db59,,,,,,
13991889,,2022-04-30 18:23:36,,,2af5e28c-e047-4901-ba2e-eba3f8d4d88d,,,like-2af5e28c-e047-4901-ba2e-eba3f8d4d88d-13991889,,like,,,,57dda3cc-b500-4cf2-9b18-14fb37697f2c,,,,,,
13991889,,2021-11-27 04:20:09,Venom: Let There Be Carnage,,2b5a1e17-093e-47f6-bd03-c36bb6899343,,,like-2b5a1e17-093e-47f6-bd03-c36bb6899343-13991889,,like,,,,53a7de87-a4b4-45be-b204-11760412bbd5,,,,,,
13991889,,2025-10-25 20:03:25,,,2b794af8-dd9f-4c04-99b8-bcedd684a4a9,,,like-2b794af8-dd9f-4c04-99b8-bcedd684a4a9-13991889,,like,,,,9ee94670-8e18-456a-bf72-0cf0badac466,,,,,,
13991889,,2019-10-03 00:04:43,Steven Universe: The Movie,,2ccb3265-d0df-4fb9-84ea-f0642a4f4992,,,like-2ccb3265-d0df-4fb9-84ea-f0642a4f4992-13991889,,like,,,,c12fdfb6-83e5-4763-89e6-72755c77a763,,,,,,
13991889,,2018-07-29 01:55:12,,,2da6c25c-ed4e-458e-9e2a-695303a32142,,,like-2da6c25c-ed4e-458e-9e2a-695303a32142-13991889,,like,,,,3521d87b-e57c-4d22-a541-967588f9de7c,,,,,,
13991889,,2019-10-22 00:14:14,,,2dae169f-13c2-4ae2-a476-1963cab2c328,,,like-2dae169f-13c2-4ae2-a476-1963cab2c328-13991889,,like,,,,c6729a03-9d06-4bf3-8608-3a4a17261dbf,,,,,,
13991889,,2019-09-28 09:09:44,,,2dbe7afd-cbb3-426b-ae50-096be4164412,,,like-2dbe7afd-cbb3-426b-ae50-096be4164412-13991889,,like,,,,968fe779-426b-48f5-8c2a-a128779f5fad,,,,,,
13991889,,2020-05-24 18:20:51,,,2de7731d-5fcc-4afe-98d6-a49edca51b82,,,like-2de7731d-5fcc-4afe-98d6-a49edca51b82-13991889,,like,,,,e988305f-93e4-4349-8ef6-db33be9efa93,,,,,,
13991889,,2022-08-08 18:38:51,"Ich seh, Ich seh",,317a87f0-94c4-4680-b073-a0ee1ad427ad,,,like-317a87f0-94c4-4680-b073-a0ee1ad427ad-13991889,,like,,,,08d3af1d-54fa-4646-9405-7ba9511a9bbe,,,,,,
13991889,,2020-10-11 23:36:32,,,3306058d-25a7-425c-8ba8-12eeb39592a3,,,like-3306058d-25a7-425c-8ba8-12eeb39592a3-13991889,,like,,,,fcfeda9e-910a-4b55-935e-07d55a0de88d,,,,V,,
13991889,,2021-02-20 17:33:56,,,33296e14-6ff4-49ef-9ca8-49a7145efd03,,,like-33296e14-6ff4-49ef-9ca8-49a7145efd03-13991889,,like,,,,d42bd654-3934-43d4-8041-d67a7f85b5e2,,,,,,
13991889,,2020-04-07 00:31:01,,,34db07fb-cd15-47af-aca7-291f4a89c721,,,like-34db07fb-cd15-47af-aca7-291f4a89c721-13991889,,like,,,,025ec4c6-0490-4138-a276-b6363651b0b6,,,,,,
13991889,,2020-06-01 02:59:01,,,3560641a-9aa8-4c36-bcc1-96e9ac880997,,,like-3560641a-9aa8-4c36-bcc1-96e9ac880997-13991889,,like,,,,d3a6ff80-cb7f-409a-86cb-8cf8cb0f74b6,,,,,,
13991889,,2018-09-11 18:02:01,,,35c36d54-377d-4f92-8227-45b772395951,,,like-35c36d54-377d-4f92-8227-45b772395951-13991889,,like,,,,6f2c5d5b-9505-4d3f-9074-2bd9a028f3dd,,,,,,
13991889,,2020-03-28 08:39:32,,,35edb685-13c3-41fd-887c-b66b494a386a,,,like-35edb685-13c3-41fd-887c-b66b494a386a-13991889,,like,,,,3712b620-e56c-43da-8bce-2e7dfff73023,,,,,,
13991889,,2019-10-22 19:05:13,,,37d6b97f-dad2-4f81-bb45-2f4fe5bbed0c,,,like-37d6b97f-dad2-4f81-bb45-2f4fe5bbed0c-13991889,,like,,,,4a4838c5-d70b-44ac-8aa5-25b29acf128a,,,,,,
13991889,,2020-12-01 01:12:36,,,38444ec7-ba9b-4270-9368-0bdc270e4073,,,like-38444ec7-ba9b-4270-9368-0bdc270e4073-13991889,,like,,,,9e26c476-4df7-46b4-83fa-03ab591c701b,,,,,,
13991889,,2018-07-29 01:55:54,,,3847ec14-3ed5-4b59-b93e-52e05f13c6e8,,,like-3847ec14-3ed5-4b59-b93e-52e05f13c6e8-13991889,,like,,,,3521d87b-e57c-4d22-a541-967588f9de7c,,,,,,
13991889,,2019-12-19 17:21:34,,,38ce3c14-5ae2-431e-a7df-20c450c18435,,,like-38ce3c14-5ae2-431e-a7df-20c450c18435-13991889,,like,,,,37a16e11-5edb-4429-9071-e5fb5584933b,,,,,,
13991889,,2020-07-25 05:00:42,,,3bfd1944-5ee8-4f06-8034-25a97ab358ab,,,like-3bfd1944-5ee8-4f06-8034-25a97ab358ab-13991889,,like,,,,d025bcff-3615-4bc2-bce1-1825b67b9a60,,,,Better Call Saul,,
13991889,,2018-07-16 03:59:30,,,3c995a50-407a-4b7d-b7bb-12c19f267790,,,like-3c995a50-407a-4b7d-b7bb-12c19f267790-13991889,,like,,,,4645fd87-e5be-47bb-85b4-19a4f4dc3daf,,,,,,
13991889,,2020-08-21 11:40:57,,,3da26c34-385b-493e-a492-7d5b7239207a,,,like-3da26c34-385b-493e-a492-7d5b7239207a-13991889,,like,,,,8d36c5b0-20fe-490d-ac91-0665d1e7435e,,,,,,
13991889,,2020-01-17 05:10:30,,,3da4a1d0-3517-4c17-83ca-7e4c0fa362b0,,,like-3da4a1d0-3517-4c17-83ca-7e4c0fa362b0-13991889,,like,,,,56be0334-37ec-49bc-b0f0-7869cef2f102,,,,Travelers (2016),,
13991889,,2019-08-09 01:06:29,,,3f502354-e171-459b-8e32-ebac8e41b977,,,like-3f502354-e171-459b-8e32-ebac8e41b977-13991889,,like,,,,a332deb4-0cbd-4d7a-bcd0-14241704e1f7,,,,,,
13991889,,2021-11-27 04:19:55,Venom: Let There Be Carnage,,3f70a910-3f8c-4528-9e0b-3c50fa4e22b5,,,like-3f70a910-3f8c-4528-9e0b-3c50fa4e22b5-13991889,,like,,,,53a7de87-a4b4-45be-b204-11760412bbd5,,,,,,
13991889,,2019-12-19 17:22:59,,,41d2392f-e4af-48ba-bcd7-0b87c04bd6d2,,,like-41d2392f-e4af-48ba-bcd7-0b87c04bd6d2-13991889,,like,,,,8c3bd532-9382-4d1a-9f8f-9aead1664204,,,,,,
13991889,,2020-12-01 01:12:31,,,44145192-d484-4c67-8dfe-b18b15e245c7,,,like-44145192-d484-4c67-8dfe-b18b15e245c7-13991889,,like,,,,9e26c476-4df7-46b4-83fa-03ab591c701b,,,,,,
13991889,,2018-11-07 20:20:28,,,44449a3b-39f3-4079-9b3d-7afa154f93d6,,,like-44449a3b-39f3-4079-9b3d-7afa154f93d6-13991889,,like,,,,e026869c-4341-4151-8747-d487b2370fa6,,,,,,
13991889,,2020-07-22 04:58:59,,,4604fe20-7978-41b2-9b0c-70363b91b23a,,,like-4604fe20-7978-41b2-9b0c-70363b91b23a-13991889,,like,,,,731e43c9-a233-4492-a793-8371ff31abec,,,,,,
13991889,,2019-10-01 03:39:38,,,4663b899-6892-4ef4-ba23-3c63a0907b2f,,,like-4663b899-6892-4ef4-ba23-3c63a0907b2f-13991889,,like,,,,58fabede-66e2-42c8-a901-5a05a46e5e7d,,,,,,
13991889,,2020-12-01 01:12:25,,,4897f99d-b1e5-4386-a449-826438cf1f84,,,like-4897f99d-b1e5-4386-a449-826438cf1f84-13991889,,like,,,,9e26c476-4df7-46b4-83fa-03ab591c701b,,,,,,
13991889,,2018-07-29 01:57:55,,,49c77567-e159-458a-a34f-96e50eecf996,,,like-49c77567-e159-458a-a34f-96e50eecf996-13991889,,like,,,,3ec5207e-5101-499e-abd6-7b0b7011d74c,,,,,,
13991889,,2019-06-24 20:19:30,,,4a1f541d-73ee-45e9-9ed7-ad439791228b,,,like-4a1f541d-73ee-45e9-9ed7-ad439791228b-13991889,,like,,,,893a25c0-819d-46a3-8503-cacca4c91510,,,,,,
13991889,,2018-07-29 01:55:31,,,4ab031d3-b736-4b06-bd8f-2c7a8a34728d,,,like-4ab031d3-b736-4b06-bd8f-2c7a8a34728d-13991889,,like,,,,3521d87b-e57c-4d22-a541-967588f9de7c,,,,,,
13991889,,2019-06-24 20:19:41,,,4af714d9-41a6-428c-9466-604e0d035fee,,,like-4af714d9-41a6-428c-9466-604e0d035fee-13991889,,like,,,,893a25c0-819d-46a3-8503-cacca4c91510,,,,,,
13991889,,2022-04-30 18:23:59,,,4bd79dc8-7545-4b47-a456-7dd4375dad2e,,,like-4bd79dc8-7545-4b47-a456-7dd4375dad2e-13991889,,like,,,,57dda3cc-b500-4cf2-9b18-14fb37697f2c,,,,,,
13991889,,2020-10-12 05:18:49,Ahí te encargo,,4cd6c608-d607-470a-9286-9e81f03e9c54,,,like-4cd6c608-d607-470a-9286-9e81f03e9c54-13991889,,like,,,,443eb839-2bb0-4743-9116-55b37647c102,,,,,,
13991889,,2020-12-01 01:12:02,,,4cdc47c0-1f33-4d18-aeda-88284c48f7ed,,,like-4cdc47c0-1f33-4d18-aeda-88284c48f7ed-13991889,,like,,,,9e26c476-4df7-46b4-83fa-03ab591c701b,,,,,,
13991889,,2021-06-08 19:12:45,What Lies Below,,4d202e56-29dd-442f-8c51-126e3b99a8e3,,,like-4d202e56-29dd-442f-8c51-126e3b99a8e3-13991889,,like,,,,c4f2193b-f5d5-4dc5-aa47-71c10e414a21,,,,,,
13991889,,2020-08-02 21:12:35,,,5048ad49-e4e5-4d53-8f18-6189f52c6341,,,like-5048ad49-e4e5-4d53-8f18-6189f52c6341-13991889,,like,,,,f946f99f-5396-497b-9396-79410e7c49bd,,,,,,
13991889,,2020-02-02 06:38:30,Ford v Ferrari,,507531e7-4718-405e-9fa4-bdda36939d44,,,like-507531e7-4718-405e-9fa4-bdda36939d44-13991889,,like,,,,ec7e56de-b756-4691-908c-e5f994ec6a8b,,,,,,
13991889,,2019-03-07 21:25:09,,,50bd8ffe-3ae6-4a18-8f35-17ec47d454ee,,,like-50bd8ffe-3ae6-4a18-8f35-17ec47d454ee-13991889,,like,,,,07350a89-d8c2-4e36-bebb-362d476fd8a3,,,,,,
13991889,,2018-11-07 18:28:06,,,51630c4d-0720-446d-85c1-12c2286db044,,,like-51630c4d-0720-446d-85c1-12c2286db044-13991889,,like,,,,60f0f2a4-e9dd-4842-af7e-0de4546ea449,,,,,,
13991889,,2020-03-28 00:20:46,,,51c177d3-50e7-4ff6-8fee-d2f8942139df,,,like-51c177d3-50e7-4ff6-8fee-d2f8942139df-13991889,,like,,,,637c217c-d148-4fdf-8d36-df9ecf7b8503,,,,,,
13991889,,2021-05-22 03:58:45,,,5398f7b9-1a3e-491e-bcdf-412bd4f4fec5,,,like-5398f7b9-1a3e-491e-bcdf-412bd4f4fec5-13991889,,like,,,,190d385d-5c35-433f-9c46-76edc750be08,,,,,,
13991889,,2021-11-27 04:19:21,Venom: Let There Be Carnage,,53ca11fd-9efe-44ef-9456-95d034f2c424,,,like-53ca11fd-9efe-44ef-9456-95d034f2c424-13991889,,like,,,,53a7de87-a4b4-45be-b204-11760412bbd5,,,,,,
13991889,,2021-02-20 17:33:59,,,54728a54-7182-4d47-bc8b-25a9e6f4b75f,,,like-54728a54-7182-4d47-bc8b-25a9e6f4b75f-13991889,,like,,,,d42bd654-3934-43d4-8041-d67a7f85b5e2,,,,,,
13991889,,2021-05-22 03:58:40,,,552cde75-11b0-4014-af61-4398a618e534,,,like-552cde75-11b0-4014-af61-4398a618e534-13991889,,like,,,,190d385d-5c35-433f-9c46-76edc750be08,,,,,,
13991889,,2019-09-28 09:09:25,,,5606b935-0365-4cb4-a065-b452956e9cf1,,,like-5606b935-0365-4cb4-a065-b452956e9cf1-13991889,,like,,,,968fe779-426b-48f5-8c2a-a128779f5fad,,,,,,
13991889,,2019-10-04 18:27:33,,,56134b73-f780-4ef8-8843-b9e50c175b20,,,like-56134b73-f780-4ef8-8843-b9e50c175b20-13991889,,like,,,,fe3a6bda-fb28-46da-a681-2d8ba4065433,,,,,,
13991889,,2020-07-27 06:50:20,,,567af87f-1ac0-4644-a68f-19d6395284bb,,,like-567af87f-1ac0-4644-a68f-19d6395284bb-13991889,,like,,,,43f2be08-5475-4968-82c3-6220f7af3b09,,,,,,
13991889,,2019-03-21 23:14:21,,,57d24f67-c83e-4aff-9651-731d141f9688,,,like-57d24f67-c83e-4aff-9651-731d141f9688-13991889,,like,,,,c4d25c16-793e-451f-980d-593ac73d7538,,,,,,
13991889,,2020-08-21 11:40:28,,,587ef475-24d3-4a46-b491-bbcce85e1c46,,,like-587ef475-24d3-4a46-b491-bbcce85e1c46-13991889,,like,,,,8d36c5b0-20fe-490d-ac91-0665d1e7435e,,,,,,
13991889,,2020-09-14 15:46:47,,,5abdca6e-57b8-497d-a0c2-1c201ad0ba44,,,like-5abdca6e-57b8-497d-a0c2-1c201ad0ba44-13991889,,like,,,,38f43470-f1f4-4ff2-ae90-ec9913d413b0,,,,,,
13991889,,2020-10-25 04:06:45,Kadaver,,5bd6e76b-03b3-441c-9915-41cb237dcf36,,,like-5bd6e76b-03b3-441c-9915-41cb237dcf36-13991889,,like,,,,e2c79312-ca01-40fc-bd7a-002fb5bbf34b,,,,,,
13991889,,2018-11-27 01:53:07,,,5c646073-5e81-4144-bbfd-2f363c9d11c2,,,like-5c646073-5e81-4144-bbfd-2f363c9d11c2-13991889,,like,,,,6cb2ae8d-2e1d-42b2-b3d7-073591447d98,,,,,,
13991889,,2017-10-11 03:27:18,,,5d89b85a-e636-43b4-ba52-58a30665b6f3,,,like-5d89b85a-e636-43b4-ba52-58a30665b6f3-13991889,,like,,,,6aaf3fda-c9ea-4013-aff8-5a3532727640,,,,,,
13991889,,2019-07-02 05:01:45,,,5e13164b-0868-420c-88f1-b399178f5409,,,like-5e13164b-0868-420c-88f1-b399178f5409-13991889,,like,,,,170d8965-618c-4054-a2f3-6b39241a3ea2,,,,,,
13991889,,2021-04-12 17:02:45,,,5f4f04fb-5642-4148-8c45-1994b46ed2eb,,,like-5f4f04fb-5642-4148-8c45-1994b46ed2eb-13991889,,like,,,,69b6fcf0-0a3c-431e-902c-26845defd4d1,,,,,,
13991889,,2019-12-13 22:17:34,,,6069f5da-989b-405b-85e6-c50051c7000e,,,like-6069f5da-989b-405b-85e6-c50051c7000e-13991889,,like,,,,75c40555-a649-43bd-8f02-2864e9c5e9ad,,,,,,
13991889,,2021-06-08 19:12:57,What Lies Below,,60c8b782-5d89-42be-9a2e-9aa4cc0adad6,,,like-60c8b782-5d89-42be-9a2e-9aa4cc0adad6-13991889,,like,,,,c4f2193b-f5d5-4dc5-aa47-71c10e414a21,,,,,,
13991889,,2017-08-29 01:30:02,,,618ec99a-797f-4b45-8813-5ac77fd6bbdc,,,like-618ec99a-797f-4b45-8813-5ac77fd6bbdc-13991889,,like,,,,9527a36f-27d9-46ed-81c5-8932c25dbe01,,,,,,
13991889,,2019-07-06 08:14:09,,,61b8131e-eecb-48a0-9dd9-58a3ad3ea171,,,like-61b8131e-eecb-48a0-9dd9-58a3ad3ea171-13991889,,like,,,,e26a9c5c-4c7b-4f70-ab56-815915804cd7,,,,,,
13991889,,2020-12-01 01:12:51,,,61be7fa2-d608-4e3a-b528-ad2902108e62,,,like-61be7fa2-d608-4e3a-b528-ad2902108e62-13991889,,like,,,,9e26c476-4df7-46b4-83fa-03ab591c701b,,,,,,
13991889,,2025-11-02 18:25:49,,,61ccd30c-1004-4c1f-a9cc-471ef0215b6b,,,like-61ccd30c-1004-4c1f-a9cc-471ef0215b6b-13991889,,like,,,,6865dd1c-fba7-4cc2-b4be-e9b92671cb32,,,,,,
13991889,,2017-10-11 03:27:13,,,629a7232-06bb-4ff6-a8e5-60c7d72dbfe6,,,like-629a7232-06bb-4ff6-a8e5-60c7d72dbfe6-13991889,,like,,,,6aaf3fda-c9ea-4013-aff8-5a3532727640,,,,,,
13991889,,2017-10-11 03:26:10,,,6539b826-0f32-4ba4-82f9-ed558fdef781,,,like-6539b826-0f32-4ba4-82f9-ed558fdef781-13991889,,like,,,,6aaf3fda-c9ea-4013-aff8-5a3532727640,,,,,,
13991889,,2019-06-09 18:49:03,,,655c868c-4f06-40ab-ac0a-d7312995a746,,,like-655c868c-4f06-40ab-ac0a-d7312995a746-13991889,,like,,,,4131c059-7730-4ef4-b17c-34b8e698f6f2,,,,,,
13991889,,2022-03-29 04:51:59,Escape Room,,666ba906-eb4e-400b-8f39-bf4cf0e93387,,,like-666ba906-eb4e-400b-8f39-bf4cf0e93387-13991889,,like,,,,5549a61a-b33b-4002-b584-bca8c93e6d0a,,,,,,
13991889,,2019-02-16 06:18:14,,,66fd3f28-35ce-48e1-badc-a0cdbbce6e46,,,like-66fd3f28-35ce-48e1-badc-a0cdbbce6e46-13991889,,like,,,,84c4d8ee-0bf4-4287-859b-25a7f183fe39,,,,,,
13991889,,2021-11-17 03:32:23,,,67aba506-7975-46f8-982e-ef3b72ad380e,,,like-67aba506-7975-46f8-982e-ef3b72ad380e-13991889,,like,,,,3d72e16b-0729-432e-be82-693a57f2e546,,,,,,
13991889,,2019-06-10 05:57:07,,,6a6218c9-c770-427c-8005-1fb103090432,,,like-6a6218c9-c770-427c-8005-1fb103090432-13991889,,like,,,,b6ecd42b-d48c-498e-95f1-b5ad84f0cfc3,,,,,,
13991889,,2020-02-02 06:37:30,Ford v Ferrari,,6b7981f9-5ca9-4bbd-9fc4-6b01f6a44937,,,like-6b7981f9-5ca9-4bbd-9fc4-6b01f6a44937-13991889,,like,,,,ec7e56de-b756-4691-908c-e5f994ec6a8b,,,,,,
13991889,,2019-06-10 05:56:10,,,6c0f3da7-996e-475c-a423-7979dff2a528,,,like-6c0f3da7-996e-475c-a423-7979dff2a528-13991889,,like,,,,b6ecd42b-d48c-498e-95f1-b5ad84f0cfc3,,,,,,
13991889,,2018-07-16 03:58:41,,,6d27b601-601c-4649-85d5-e9b0d879a096,,,like-6d27b601-601c-4649-85d5-e9b0d879a096-13991889,,like,,,,6aa5ff5d-8015-4702-a77f-d5ebe71d70f8,,,,,,
13991889,,2018-09-14 20:00:08,,,6d4ed95a-529e-44c8-b77a-29eaa112d92d,,,like-6d4ed95a-529e-44c8-b77a-29eaa112d92d-13991889,,like,,,,1e04cf2f-6592-44cf-891c-11aff81e0a1e,,,,,,
13991889,,2019-07-02 05:01:38,,,6f04e4b8-8a80-49e8-a3c3-4fe2d417ac9a,,,like-6f04e4b8-8a80-49e8-a3c3-4fe2d417ac9a-13991889,,like,,,,170d8965-618c-4054-a2f3-6b39241a3ea2,,,,,,
13991889,,2021-05-20 21:27:09,,,7186db06-b141-42b4-a359-a33603ebd812,,,like-7186db06-b141-42b4-a359-a33603ebd812-13991889,,like,,,,6cb1393f-268b-4f5b-8c0e-9cb1f54a2692,,,,,,
13991889,,2019-06-24 20:19:48,,,7350c53e-5cff-4220-8475-e63d727c4d44,,,like-7350c53e-5cff-4220-8475-e63d727c4d44-13991889,,like,,,,893a25c0-819d-46a3-8503-cacca4c91510,,,,,,
13991889,,2021-05-24 00:30:19,僕のヒーローアカデミア THE MOVIE ヒーローズ:ライジング,,74258b2e-07a8-4842-a02a-948e5a0df091,,,like-74258b2e-07a8-4842-a02a-948e5a0df091-13991889,,like,,,,55170f7a-c89f-422a-a1d6-6f0e658bbac8,,,,,,
13991889,,2017-08-29 01:28:08,,,74773b92-d378-4d67-805e-c8474bd4b47b,,,like-74773b92-d378-4d67-805e-c8474bd4b47b-13991889,,like,,,,9527a36f-27d9-46ed-81c5-8932c25dbe01,,,,,,
13991889,,2021-11-23 06:10:10,Eternals,,748278d9-ced0-44d0-873e-92f3623ac13f,,,like-748278d9-ced0-44d0-873e-92f3623ac13f-13991889,,like,,,,367e1269-4e8e-4e79-80a0-5246091803cf,,,,,,
13991889,,2019-12-30 18:18:27,,,74cadd3e-d842-4635-a2b8-13595f099b07,,,like-74cadd3e-d842-4635-a2b8-13595f099b07-13991889,,like,,,,9e1076f5-2a3f-4093-bba5-d97dac11076c,,,,,,
13991889,,2021-11-27 04:19:43,Venom: Let There Be Carnage,,74fa0965-4db4-42cf-91fc-566e230fdee3,,,like-74fa0965-4db4-42cf-91fc-566e230fdee3-13991889,,like,,,,53a7de87-a4b4-45be-b204-11760412bbd5,,,,,,
13991889,,2017-08-29 01:29:19,,,762dfc5d-7106-4d4f-a579-6c4efee055ed,,,like-762dfc5d-7106-4d4f-a579-6c4efee055ed-13991889,,like,,,,9527a36f-27d9-46ed-81c5-8932c25dbe01,,,,,,
13991889,,2017-08-08 23:49:34,,,762ecd5a-f47d-4701-8bf3-079998eee6a2,,,like-762ecd5a-f47d-4701-8bf3-079998eee6a2-13991889,,like,,,,dfa5d6bc-609e-44a6-bb6f-a0017ca32a08,,,,,,
13991889,,2020-09-30 04:28:01,,,76482bdd-0d12-4bb8-8245-bb68ac4dd3b4,,,like-76482bdd-0d12-4bb8-8245-bb68ac4dd3b4-13991889,,like,,,,1f0569d4-a9cd-4d7b-a550-96d284dca6af,,,,,,
13991889,,2020-09-30 04:28:17,,,773b2ca4-2eb4-4f37-9ff4-96e1eb12bd65,,,like-773b2ca4-2eb4-4f37-9ff4-96e1eb12bd65-13991889,,like,,,,1f0569d4-a9cd-4d7b-a550-96d284dca6af,,,,,,
13991889,,2017-07-11 22:58:45,,,77a05b3e-7550-464d-9bfa-a08885b2b55d,,,like-77a05b3e-7550-464d-9bfa-a08885b2b55d-13991889,,like,,,,944ace11-21fe-425a-a0e9-e2ff78f607ce,,,,,,
13991889,,2020-10-26 15:25:11,,,783ab7ca-c9ff-4816-8a9c-9614b32b817f,,,like-783ab7ca-c9ff-4816-8a9c-9614b32b817f-13991889,,like,,,,06c1e462-1ac8-4c97-8ed2-102f987c9e52,,,,,,
13991889,,2017-10-11 03:27:00,,,793913c9-fa96-45d3-8185-292532a2d8c7,,,like-793913c9-fa96-45d3-8185-292532a2d8c7-13991889,,like,,,,6aaf3fda-c9ea-4013-aff8-5a3532727640,,,,,,
13991889,,2018-07-16 04:00:22,,,795504d3-e17e-47f6-99a9-d68352df2e89,,,like-795504d3-e17e-47f6-99a9-d68352df2e89-13991889,,like,,,,4645fd87-e5be-47bb-85b4-19a4f4dc3daf,,,,,,
13991889,,2020-01-17 03:13:03,The Edge of Seventeen,,79848743-3249-428d-90f9-2ec4a26f4678,,,like-79848743-3249-428d-90f9-2ec4a26f4678-13991889,,like,,,,7acba47c-3a69-403a-8058-cf51b20fbeb7,,,,,,
13991889,,2021-05-24 00:30:26,僕のヒーローアカデミア THE MOVIE ヒーローズ:ライジング,,7a039a1b-e5f9-4b7e-b389-d27f5ad30ebd,,,like-7a039a1b-e5f9-4b7e-b389-d27f5ad30ebd-13991889,,like,,,,55170f7a-c89f-422a-a1d6-6f0e658bbac8,,,,,,
13991889,,2018-11-12 00:06:44,,,7bfdecf9-292a-4546-8589-46992bc4f32d,,,like-7bfdecf9-292a-4546-8589-46992bc4f32d-13991889,,like,,,,fa60c285-b60d-4862-b204-b23559be2dd7,,,,,,
13991889,,2025-10-25 20:03:20,,,7c1e95d7-3856-4910-8f85-b2e3f626623d,,,like-7c1e95d7-3856-4910-8f85-b2e3f626623d-13991889,,like,,,,9ee94670-8e18-456a-bf72-0cf0badac466,,,,,,
13991889,,2019-09-23 14:40:31,,,7e50c1d5-149a-4652-b3b7-5806388a9d98,,,like-7e50c1d5-149a-4652-b3b7-5806388a9d98-13991889,,like,,,,12a65603-9c47-43b4-bc08-dbe380a83a05,,,,,,
13991889,,2018-07-16 03:59:46,,,7e74394d-de0f-427f-b189-6d10a5ce1a34,,,like-7e74394d-de0f-427f-b189-6d10a5ce1a34-13991889,,like,,,,4645fd87-e5be-47bb-85b4-19a4f4dc3daf,,,,,,
13991889,,2019-07-28 07:21:36,,,812cfc7b-5531-4b77-94c3-f2d3407a2bf0,,,like-812cfc7b-5531-4b77-94c3-f2d3407a2bf0-13991889,,like,,,,88b0793e-9337-40a6-973a-b75fd23e9c84,,,,,,
13991889,,2021-09-28 17:32:37,,,82719f62-97d0-4acf-b712-a99a5157a938,,,like-82719f62-97d0-4acf-b712-a99a5157a938-13991889,,like,,,,568b24f5-a4f9-4339-a8cd-452656c30721,,,,,,
13991889,,2019-10-16 20:14:45,,,82d7160b-417b-4881-9699-908345aa3b74,,,like-82d7160b-417b-4881-9699-908345aa3b74-13991889,,like,,,,bd4fd1cc-f980-454f-be69-c061282db4f6,,,,,,
13991889,,2020-01-17 05:10:50,,,8358a42e-e5fc-439c-b094-de1e82d8815a,,,like-8358a42e-e5fc-439c-b094-de1e82d8815a-13991889,,like,,,,56be0334-37ec-49bc-b0f0-7869cef2f102,,,,Travelers (2016),,
13991889,,2019-05-15 16:37:46,,,840af994-c3ed-434a-ae2e-98f632da40ba,,,like-840af994-c3ed-434a-ae2e-98f632da40ba-13991889,,like,,,,8ef93819-a559-4edd-8719-071b53e4e3e9,,,,,,
13991889,,2020-01-17 05:09:22,,,8561df3d-6c61-46b8-bf7b-d23f46841728,,,like-8561df3d-6c61-46b8-bf7b-d23f46841728-13991889,,like,,,,56be0334-37ec-49bc-b0f0-7869cef2f102,,,,Travelers (2016),,
13991889,,2025-10-25 20:03:48,,,867208fd-0762-4008-8b5d-19b4686518e8,,,like-867208fd-0762-4008-8b5d-19b4686518e8-13991889,,like,,,,9ee94670-8e18-456a-bf72-0cf0badac466,,,,,,
13991889,,2021-09-25 03:53:13,Coraline,,87a7e013-6585-497f-b7c2-282031e43a3a,,,like-87a7e013-6585-497f-b7c2-282031e43a3a-13991889,,like,,,,aa72ab5f-74ee-4eba-8aba-217e2c22ff9b,,,,,,
13991889,,2020-08-02 21:12:00,,,89be9b89-1dc8-4a9b-b69e-631edd56dcc0,,,like-89be9b89-1dc8-4a9b-b69e-631edd56dcc0-13991889,,like,,,,f946f99f-5396-497b-9396-79410e7c49bd,,,,,,
13991889,,2025-11-02 00:04:20,,,89c91cac-4f84-414f-a264-e79db011cfb4,,,like-89c91cac-4f84-414f-a264-e79db011cfb4-13991889,,like,,,,24e7b56a-6679-4310-85ae-45ea2621045e,,,,,,
13991889,,2020-08-13 15:07:23,,,8a9d64b7-2ade-458d-9f29-0d042104d5a5,,,like-8a9d64b7-2ade-458d-9f29-0d042104d5a5-13991889,,like,,,,bdb27836-c06f-4c6c-ac6f-1a2d9a8af4a8,,,,,,
13991889,,2020-08-17 16:21:49,,,8c7afa57-5820-4c07-a10f-7b2380340677,,,like-8c7afa57-5820-4c07-a10f-7b2380340677-13991889,,like,,,,d5d32d74-6b6b-4bc1-88e8-b5caff3bb278,,,,,,
13991889,,2017-10-11 03:27:51,,,8ea12d84-5d34-4ef9-b85b-893643d3cf9e,,,like-8ea12d84-5d34-4ef9-b85b-893643d3cf9e-13991889,,like,,,,6aaf3fda-c9ea-4013-aff8-5a3532727640,,,,,,
13991889,,2018-07-29 01:55:03,,,8ebd3527-542f-4b20-b7fe-866ce759507b,,,like-8ebd3527-542f-4b20-b7fe-866ce759507b-13991889,,like,,,,3521d87b-e57c-4d22-a541-967588f9de7c,,,,,,
13991889,,2019-12-30 18:18:35,,,8f2bce9f-212e-4281-98b3-28b42ea3db56,,,like-8f2bce9f-212e-4281-98b3-28b42ea3db56-13991889,,like,,,,9e1076f5-2a3f-4093-bba5-d97dac11076c,,,,,,
13991889,,2019-06-09 18:49:07,,,8faee550-4888-44d2-b0b2-541ecd60fd22,,,like-8faee550-4888-44d2-b0b2-541ecd60fd22-13991889,,like,,,,4131c059-7730-4ef4-b17c-34b8e698f6f2,,,,,,
13991889,,2022-04-30 18:23:29,,,901ccc3b-633e-4849-9139-fd121ee8f629,,,like-901ccc3b-633e-4849-9139-fd121ee8f629-13991889,,like,,,,57dda3cc-b500-4cf2-9b18-14fb37697f2c,,,,,,
13991889,,2020-06-05 02:08:39,,,90c0100d-ccd4-4aeb-b87c-a5cba4c7daed,,,like-90c0100d-ccd4-4aeb-b87c-a5cba4c7daed-13991889,,like,,,,fa4dc9d7-b13f-421a-b5fc-18b00f810116,,,,,,
13991889,,2021-04-30 03:56:39,劇場版「鬼滅の刃」 無限列車編,,91501760-b5b7-4c9a-a094-b0d611d778c1,,,like-91501760-b5b7-4c9a-a094-b0d611d778c1-13991889,,like,,,,25d72184-f66a-4965-a647-8cbd74c2db59,,,,,,
13991889,,2017-08-08 23:49:44,,,918b88c0-e274-4bf1-9e5c-35d6a76f9001,,,like-918b88c0-e274-4bf1-9e5c-35d6a76f9001-13991889,,like,,,,dfa5d6bc-609e-44a6-bb6f-a0017ca32a08,,,,,,
13991889,,2019-07-07 06:47:58,,,921351ef-0c67-4041-8377-d10acebbc097,,,like-921351ef-0c67-4041-8377-d10acebbc097-13991889,,like,,,,253efc9f-239c-4233-a73c-d3e62bddb041,,,,,,
13991889,,2020-04-06 04:28:12,,,9323d2f0-6bc6-4586-9b4a-24501a1703fb,,,like-9323d2f0-6bc6-4586-9b4a-24501a1703fb-13991889,,like,,,,65084df5-68f6-493c-ad98-b68e9de3de32,,,,,,
13991889,,2019-10-01 03:39:32,,,952c857a-cca2-4e3f-a387-6da918c5bcb8,,,like-952c857a-cca2-4e3f-a387-6da918c5bcb8-13991889,,like,,,,58fabede-66e2-42c8-a901-5a05a46e5e7d,,,,,,
13991889,,2019-06-24 20:19:53,,,97a34b65-d48c-44be-9ab0-57b0c704e593,,,like-97a34b65-d48c-44be-9ab0-57b0c704e593-13991889,,like,,,,893a25c0-819d-46a3-8503-cacca4c91510,,,,,,
13991889,,2017-10-11 03:26:21,,,98f6e7b2-cba4-436d-b262-f7a6a99b338e,,,like-98f6e7b2-cba4-436d-b262-f7a6a99b338e-13991889,,like,,,,6aaf3fda-c9ea-4013-aff8-5a3532727640,,,,,,
13991889,,2019-06-10 05:56:47,,,9a09405d-2322-4bc8-85d2-4597bd2edaf9,,,like-9a09405d-2322-4bc8-85d2-4597bd2edaf9-13991889,,like,,,,b6ecd42b-d48c-498e-95f1-b5ad84f0cfc3,,,,,,
13991889,,2020-01-15 07:01:24,,,9b0e68db-1913-430e-b129-e39d996cebd7,,,like-9b0e68db-1913-430e-b129-e39d996cebd7-13991889,,like,,,,b405a439-bb88-4862-a3b0-d536009d1fd0,,,,,,
13991889,,2019-12-19 17:23:38,,,9b559a3e-6be1-421c-8427-6f03829137ff,,,like-9b559a3e-6be1-421c-8427-6f03829137ff-13991889,,like,,,,8c3bd532-9382-4d1a-9f8f-9aead1664204,,,,,,
13991889,,2020-07-12 18:32:00,,,9d724ecf-36bc-4d17-9553-1a81d4dfe467,,,like-9d724ecf-36bc-4d17-9553-1a81d4dfe467-13991889,,like,,,,78d66988-f163-4305-a2ce-49804a1cc8a5,,,,Happy Tree Friends,,
13991889,,2018-11-07 02:44:04,,,9ed50c56-3085-4919-8980-db7ec1718ad4,,,like-9ed50c56-3085-4919-8980-db7ec1718ad4-13991889,,like,,,,61b563ac-2556-4ea9-9083-647a86a0c555,,,,,,
13991889,,2019-08-03 07:27:47,,,9f432d8b-e998-4bf9-81f9-f85ee740086d,,,like-9f432d8b-e998-4bf9-81f9-f85ee740086d-13991889,,like,,,,3aba64a6-0eaf-40e1-8751-c6199666271c,,,,Derry Girls,,
13991889,,2017-08-29 01:29:40,,,9fab7b51-7999-4989-a80b-ffc864667b3f,,,like-9fab7b51-7999-4989-a80b-ffc864667b3f-13991889,,like,,,,9527a36f-27d9-46ed-81c5-8932c25dbe01,,,,,,
13991889,,2020-03-28 08:40:11,,,a0daf271-2efb-41a8-a3d4-53b97629395d,,,like-a0daf271-2efb-41a8-a3d4-53b97629395d-13991889,,like,,,,3712b620-e56c-43da-8bce-2e7dfff73023,,,,,,
13991889,,2017-10-11 03:26:46,,,a1f80d1f-7744-4363-8650-8185fce02873,,,like-a1f80d1f-7744-4363-8650-8185fce02873-13991889,,like,,,,6aaf3fda-c9ea-4013-aff8-5a3532727640,,,,,,
13991889,,2018-07-16 03:58:55,,,a2c4faa6-5775-4eff-bc95-6059cfd4ba4d,,,like-a2c4faa6-5775-4eff-bc95-6059cfd4ba4d-13991889,,like,,,,4645fd87-e5be-47bb-85b4-19a4f4dc3daf,,,,,,
13991889,,2021-05-24 00:30:22,僕のヒーローアカデミア THE MOVIE ヒーローズ:ライジング,,a4f36587-0636-4d3c-b750-8b541c90d24f,,,like-a4f36587-0636-4d3c-b750-8b541c90d24f-13991889,,like,,,,55170f7a-c89f-422a-a1d6-6f0e658bbac8,,,,,,
13991889,,2019-08-03 07:27:02,,,a5e68d1d-78c9-4da7-b1d0-125ba39cd60c,,,like-a5e68d1d-78c9-4da7-b1d0-125ba39cd60c-13991889,,like,,,,3aba64a6-0eaf-40e1-8751-c6199666271c,,,,Derry Girls,,
13991889,,2019-11-08 18:54:40,,,a5f2e3b8-ecf1-4c72-b4a8-238dfcaf08b1,,,like-a5f2e3b8-ecf1-4c72-b4a8-238dfcaf08b1-13991889,,like,,,,66d324cd-2965-419d-8410-712fe6b23bf3,,,,,,
13991889,,2019-07-06 08:14:43,,,a6ce2fc6-9346-4ccc-9cd7-1d1b50c80ee4,,,like-a6ce2fc6-9346-4ccc-9cd7-1d1b50c80ee4-13991889,,like,,,,cb48ca72-43d1-4bdb-aa80-56dd7f04a43a,,,,,,
13991889,,2019-12-13 22:17:41,,,a858957e-bbc2-4446-a4ba-ea876e996198,,,like-a858957e-bbc2-4446-a4ba-ea876e996198-13991889,,like,,,,75c40555-a649-43bd-8f02-2864e9c5e9ad,,,,,,
13991889,,2017-08-19 20:31:43,,,a91289dc-d2c3-4e75-845f-70e1c6314a84,,,like-a91289dc-d2c3-4e75-845f-70e1c6314a84-13991889,,like,,,,cb87b43f-7701-4aa6-98bc-bcbfaaf57627,,,,,,
13991889,,2020-08-02 21:12:29,,,aa47937e-3ac2-45d5-b816-7b3446513ccf,,,like-aa47937e-3ac2-45d5-b816-7b3446513ccf-13991889,,like,,,,f946f99f-5396-497b-9396-79410e7c49bd,,,,,,
13991889,,2019-06-10 05:56:54,,,ab24d489-8a0f-4df5-bfcb-001c8de41e09,,,like-ab24d489-8a0f-4df5-bfcb-001c8de41e09-13991889,,like,,,,b6ecd42b-d48c-498e-95f1-b5ad84f0cfc3,,,,,,
13991889,,2018-09-11 14:36:47,,,ac59f12e-8a1a-44f4-94e2-ed48701ce242,,,like-ac59f12e-8a1a-44f4-94e2-ed48701ce242-13991889,,like,,,,e3bb5831-f7e5-4f8f-9553-55cfddac03c6,,,,,,
13991889,,2019-06-08 06:48:33,,,ad4673c6-38d8-493e-963b-423482ef8469,,,like-ad4673c6-38d8-493e-963b-423482ef8469-13991889,,like,,,,5d185373-efc7-48a4-9de5-e268222272dd,,,,,,
13991889,,2020-07-22 04:59:03,,,ade6f37b-7678-444c-9ce1-ad69ca29f503,,,like-ade6f37b-7678-444c-9ce1-ad69ca29f503-13991889,,like,,,,731e43c9-a233-4492-a793-8371ff31abec,,,,,,
13991889,,2019-09-20 03:29:32,,,ae62a452-45fc-4996-9af1-fc0fd77b8c5b,,,like-ae62a452-45fc-4996-9af1-fc0fd77b8c5b-13991889,,like,,,,f08580a2-2135-4076-8089-b155c7dfbfbc,,,,,,
13991889,,2020-04-06 06:19:53,Altered Carbon: Resleeved,,aef69c6d-5feb-477f-8eca-b9b3b886a3dc,,,like-aef69c6d-5feb-477f-8eca-b9b3b886a3dc-13991889,,like,,,,da84e764-70ed-4583-b5a5-ddfd9c756ed2,,,,,,
13991889,,2019-06-09 18:48:58,,,afaec91e-6d27-49d5-a165-00a996931eed,,,like-afaec91e-6d27-49d5-a165-00a996931eed-13991889,,like,,,,4131c059-7730-4ef4-b17c-34b8e698f6f2,,,,,,
13991889,,2021-05-20 21:27:04,,,b0af5804-9c0d-4973-8f97-405cfc39c0a3,,,like-b0af5804-9c0d-4973-8f97-405cfc39c0a3-13991889,,like,,,,6cb1393f-268b-4f5b-8c0e-9cb1f54a2692,,,,,,
13991889,,2019-05-30 13:40:56,,,b0d60945-0685-4672-a843-0078a051e882,,,like-b0d60945-0685-4672-a843-0078a051e882-13991889,,like,,,,a75ccfd2-fa57-4ff6-81ed-81316522ed41,,,,,,
13991889,,2019-12-22 23:38:27,,,b13604cd-9b5a-45bd-bee8-423dfbe4a03c,,,like-b13604cd-9b5a-45bd-bee8-423dfbe4a03c-13991889,,like,,,,fb8239e5-1704-49f8-9078-14323ea6ad8c,,,,,,
13991889,,2019-06-10 05:56:36,,,b18dc8ef-45d1-40ab-b4af-170af18174ec,,,like-b18dc8ef-45d1-40ab-b4af-170af18174ec-13991889,,like,,,,b6ecd42b-d48c-498e-95f1-b5ad84f0cfc3,,,,,,
13991889,,2023-11-18 15:14:46,,,b197a154-6717-419e-9e8d-f3288aeb848c,,,like-b197a154-6717-419e-9e8d-f3288aeb848c-13991889,,like,,,,9ea961b5-e080-42ac-ac49-348f8d9ced7b,,,,,,
13991889,,2018-07-29 01:57:50,,,b1c0e526-254f-415d-91da-db8b17686cdd,,,like-b1c0e526-254f-415d-91da-db8b17686cdd-13991889,,like,,,,3ec5207e-5101-499e-abd6-7b0b7011d74c,,,,,,
13991889,,2020-03-28 08:42:40,,,b2a14779-25d3-4ed0-a347-2a17b290561f,,,like-b2a14779-25d3-4ed0-a347-2a17b290561f-13991889,,like,,,,3712b620-e56c-43da-8bce-2e7dfff73023,,,,,,
13991889,,2019-06-10 05:56:29,,,b40b0f87-2731-470f-937c-42e8563c85af,,,like-b40b0f87-2731-470f-937c-42e8563c85af-13991889,,like,,,,b6ecd42b-d48c-498e-95f1-b5ad84f0cfc3,,,,,,
13991889,,2019-12-21 21:53:28,,,b4e0392c-499c-487b-95da-4dc59e01a506,,,like-b4e0392c-499c-487b-95da-4dc59e01a506-13991889,,like,,,,ca7141f1-2748-4ff3-ac67-6d68160254b6,,,,,,
13991889,,2022-05-16 04:18:35,,,b5f9a674-20cd-441d-b90b-926d12982597,,,like-b5f9a674-20cd-441d-b90b-926d12982597-13991889,,like,,,,3886f0ed-5eaf-4144-8c06-9b2d1247e128,,,,,,
13991889,,2019-07-06 08:15:07,,,b6522102-ba29-4252-8762-6450bfd95960,,,like-b6522102-ba29-4252-8762-6450bfd95960-13991889,,like,,,,cb48ca72-43d1-4bdb-aa80-56dd7f04a43a,,,,,,
13991889,,2021-04-12 17:03:25,,,b688e06a-9a54-49df-b534-e4c24a291568,,,like-b688e06a-9a54-49df-b534-e4c24a291568-13991889,,like,,,,0195f3cc-3af5-41bd-bcf1-ad682065b6bf,,,,,,
13991889,,2020-08-16 14:32:44,Project Power,,b6c22071-c8db-449b-bd07-91d2e82554ef,,,like-b6c22071-c8db-449b-bd07-91d2e82554ef-13991889,,like,,,,5bf3985c-cdd2-4502-906e-e4f64bbefd06,,,,,,
13991889,,2022-07-16 03:32:21,When the Bough Breaks,,b8be56e7-c6b0-4083-a313-a848f1dcd093,,,like-b8be56e7-c6b0-4083-a313-a848f1dcd093-13991889,,like,,,,25b44cdb-2be6-4b08-8d81-5f6588b768ef,,,,,,
13991889,,2020-08-13 15:06:25,,,b99ed1a1-a20a-4a53-b46e-d71b43a5e827,,,like-b99ed1a1-a20a-4a53-b46e-d71b43a5e827-13991889,,like,,,,bdb27836-c06f-4c6c-ac6f-1a2d9a8af4a8,,,,,,
13991889,,2019-06-24 20:19:11,,,b9de4a94-a50e-43f1-8513-4488828f70d9,,,like-b9de4a94-a50e-43f1-8513-4488828f70d9-13991889,,like,,,,893a25c0-819d-46a3-8503-cacca4c91510,,,,,,
13991889,,2019-03-21 23:14:01,,,ba261efa-f616-4535-bb00-6ce3dbb9f4d4,,,like-ba261efa-f616-4535-bb00-6ce3dbb9f4d4-13991889,,like,,,,c4d25c16-793e-451f-980d-593ac73d7538,,,,,,
13991889,,2021-11-23 06:10:58,Eternals,,ba9d7aa3-55be-47e3-b690-4fa772ea1ce7,,,like-ba9d7aa3-55be-47e3-b690-4fa772ea1ce7-13991889,,like,,,,367e1269-4e8e-4e79-80a0-5246091803cf,,,,,,
13991889,,2019-10-03 00:04:47,Steven Universe: The Movie,,bbaa9f66-7a2f-43d8-9559-ab6fa0fdfba3,,,like-bbaa9f66-7a2f-43d8-9559-ab6fa0fdfba3-13991889,,like,,,,c12fdfb6-83e5-4763-89e6-72755c77a763,,,,,,
13991889,,2020-03-28 08:40:03,,,bcc37204-052a-4dcd-8ca0-3cd7ce07019a,,,like-bcc37204-052a-4dcd-8ca0-3cd7ce07019a-13991889,,like,,,,3712b620-e56c-43da-8bce-2e7dfff73023,,,,,,
13991889,,2020-04-06 04:28:06,,,bcd60919-5d13-4bbc-a4ad-747a5b2599d6,,,like-bcd60919-5d13-4bbc-a4ad-747a5b2599d6-13991889,,like,,,,65084df5-68f6-493c-ad98-b68e9de3de32,,,,,,
13991889,,2025-11-02 18:25:57,,,c0255d7c-634f-4b1e-b298-4641ffe1ad64,,,like-c0255d7c-634f-4b1e-b298-4641ffe1ad64-13991889,,like,,,,6865dd1c-fba7-4cc2-b4be-e9b92671cb32,,,,,,
13991889,,2019-10-22 19:06:31,,,c0b61b3b-96b8-465e-a5d6-c6ef5da3948f,,,like-c0b61b3b-96b8-465e-a5d6-c6ef5da3948f-13991889,,like,,,,4a4838c5-d70b-44ac-8aa5-25b29acf128a,,,,,,
13991889,,2020-03-28 08:41:37,,,c1636fdb-30f6-42f7-9bb8-3ac2bbaa6896,,,like-c1636fdb-30f6-42f7-9bb8-3ac2bbaa6896-13991889,,like,,,,3712b620-e56c-43da-8bce-2e7dfff73023,,,,,,
13991889,,2022-04-30 18:24:28,,,c1776213-f78c-449c-94cc-915e0ee543e3,,,like-c1776213-f78c-449c-94cc-915e0ee543e3-13991889,,like,,,,57dda3cc-b500-4cf2-9b18-14fb37697f2c,,,,,,
13991889,,2019-09-20 03:29:41,,,c29e7304-4ad6-40f8-be6d-66d439a2fe2e,,,like-c29e7304-4ad6-40f8-be6d-66d439a2fe2e-13991889,,like,,,,f08580a2-2135-4076-8089-b155c7dfbfbc,,,,,,
13991889,,2019-12-19 17:21:56,,,c2d408cb-a4c8-4303-8008-fe539f1ffb7c,,,like-c2d408cb-a4c8-4303-8008-fe539f1ffb7c-13991889,,like,,,,37a16e11-5edb-4429-9071-e5fb5584933b,,,,,,
13991889,,2020-08-13 15:06:22,,,c2ea2912-86cd-46f1-80ba-6ff033d7b370,,,like-c2ea2912-86cd-46f1-80ba-6ff033d7b370-13991889,,like,,,,bdb27836-c06f-4c6c-ac6f-1a2d9a8af4a8,,,,,,
13991889,,2019-07-19 21:04:29,,,c48f7e71-1689-4639-bacb-b247c20ae12d,,,like-c48f7e71-1689-4639-bacb-b247c20ae12d-13991889,,like,,,,174d54c5-3169-4b63-be46-e2478d2e79c7,,,,,,
13991889,,2021-11-27 04:19:59,Venom: Let There Be Carnage,,c4cdf9d8-629a-4100-bf56-3c5c09c6f23b,,,like-c4cdf9d8-629a-4100-bf56-3c5c09c6f23b-13991889,,like,,,,53a7de87-a4b4-45be-b204-11760412bbd5,,,,,,
13991889,,2021-09-28 17:32:59,,,c51c14ac-63ef-40d8-bbf9-4b5539facbd0,,,like-c51c14ac-63ef-40d8-bbf9-4b5539facbd0-13991889,,like,,,,568b24f5-a4f9-4339-a8cd-452656c30721,,,,,,
13991889,,2021-10-24 06:17:36,,,c56512a4-372a-47db-a7f5-1ffd60bd4539,,,like-c56512a4-372a-47db-a7f5-1ffd60bd4539-13991889,,like,,,,c2fbaa24-7cce-4786-9f20-f51212cc0468,,,,,,
13991889,,2019-03-07 21:25:04,,,c56c0bc3-a90b-48ee-aadf-d22aea7b1c65,,,like-c56c0bc3-a90b-48ee-aadf-d22aea7b1c65-13991889,,like,,,,07350a89-d8c2-4e36-bebb-362d476fd8a3,,,,,,
13991889,,2020-08-13 15:06:29,,,c6fef74c-a6c9-4956-922a-1fd0206402db,,,like-c6fef74c-a6c9-4956-922a-1fd0206402db-13991889,,like,,,,bdb27836-c06f-4c6c-ac6f-1a2d9a8af4a8,,,,,,
13991889,,2019-09-28 09:09:21,,,c884dfee-2a7f-4506-9498-5d2d28fc793e,,,like-c884dfee-2a7f-4506-9498-5d2d28fc793e-13991889,,like,,,,968fe779-426b-48f5-8c2a-a128779f5fad,,,,,,
13991889,,2019-12-30 18:18:20,,,ca8f1a38-2990-47bb-8118-c60cc2f61753,,,like-ca8f1a38-2990-47bb-8118-c60cc2f61753-13991889,,like,,,,9e1076f5-2a3f-4093-bba5-d97dac11076c,,,,,,
13991889,,2021-11-27 04:19:51,Venom: Let There Be Carnage,,cb44cfa3-c6e1-4e77-8acf-cc95baae7962,,,like-cb44cfa3-c6e1-4e77-8acf-cc95baae7962-13991889,,like,,,,53a7de87-a4b4-45be-b204-11760412bbd5,,,,,,
13991889,,2019-06-26 18:21:37,,,cbf65517-b104-4479-a7f4-8c2761189311,,,like-cbf65517-b104-4479-a7f4-8c2761189311-13991889,,like,,,,997b746d-e111-49fe-b38f-6ef5d2120c67,,,,,,
13991889,,2020-07-22 04:57:33,,,ccc969e0-d16e-428a-94da-f7fbcd49e605,,,like-ccc969e0-d16e-428a-94da-f7fbcd49e605-13991889,,like,,,,731e43c9-a233-4492-a793-8371ff31abec,,,,,,
13991889,,2020-05-22 05:58:47,,,cd20608b-d1f6-4a69-a212-63147e4a647f,,,like-cd20608b-d1f6-4a69-a212-63147e4a647f-13991889,,like,,,,b4b6c7b0-282a-434f-a366-8ec452a2d340,,,,Solar Opposites,,
13991889,,2019-07-06 08:13:45,,,cd713e51-636b-4d72-b83f-ee42d3e22d7c,,,like-cd713e51-636b-4d72-b83f-ee42d3e22d7c-13991889,,like,,,,da4b655a-e4de-48d8-9b0c-5c168e86c50e,,,,,,
13991889,,2021-05-24 00:30:15,僕のヒーローアカデミア THE MOVIE ヒーローズ:ライジング,,cd76d858-addb-4233-a8e2-8dd0d620585b,,,like-cd76d858-addb-4233-a8e2-8dd0d620585b-13991889,,like,,,,55170f7a-c89f-422a-a1d6-6f0e658bbac8,,,,,,
13991889,,2020-02-02 06:38:36,Ford v Ferrari,,ced5f3c4-e5e0-4fb7-a38e-fbc1e6d9e693,,,like-ced5f3c4-e5e0-4fb7-a38e-fbc1e6d9e693-13991889,,like,,,,ec7e56de-b756-4691-908c-e5f994ec6a8b,,,,,,
13991889,,2017-10-11 03:28:16,,,cf977deb-a9f0-40da-af54-4c06bea64ad5,,,like-cf977deb-a9f0-40da-af54-4c06bea64ad5-13991889,,like,,,,6aaf3fda-c9ea-4013-aff8-5a3532727640,,,,,,
13991889,,2020-01-11 06:41:48,,,cfaa60d0-01c9-4501-9c6c-16e66f0a1268,,,like-cfaa60d0-01c9-4501-9c6c-16e66f0a1268-13991889,,like,,,,b52a3855-4a31-407e-a895-5e27b2ddad21,,,,,,
13991889,,2019-12-19 17:21:14,,,d0e7204a-7342-4705-ac8b-07b99dc9306b,,,like-d0e7204a-7342-4705-ac8b-07b99dc9306b-13991889,,like,,,,37a16e11-5edb-4429-9071-e5fb5584933b,,,,,,
13991889,,2019-09-28 09:10:01,,,d1918ab6-6c27-4bcc-8019-cb70ce7d0ca6,,,like-d1918ab6-6c27-4bcc-8019-cb70ce7d0ca6-13991889,,like,,,,968fe779-426b-48f5-8c2a-a128779f5fad,,,,,,
13991889,,2019-03-07 21:25:17,,,d221f1f7-7a00-4f34-854d-ddd6a236152a,,,like-d221f1f7-7a00-4f34-854d-ddd6a236152a-13991889,,like,,,,07350a89-d8c2-4e36-bebb-362d476fd8a3,,,,,,
13991889,,2019-11-08 18:54:37,,,d356b223-805e-4338-9c27-468914d6568e,,,like-d356b223-805e-4338-9c27-468914d6568e-13991889,,like,,,,66d324cd-2965-419d-8410-712fe6b23bf3,,,,,,
13991889,,2020-08-21 11:40:45,,,d3c626b3-842a-40da-8145-90324ba0bfa9,,,like-d3c626b3-842a-40da-8145-90324ba0bfa9-13991889,,like,,,,8d36c5b0-20fe-490d-ac91-0665d1e7435e,,,,,,
13991889,,2019-08-11 05:28:14,,,d4e05009-fa18-4a86-9bfe-b2ae190ee32d,,,like-d4e05009-fa18-4a86-9bfe-b2ae190ee32d-13991889,,like,,,,88b0793e-9337-40a6-973a-b75fd23e9c84,,,,,,
13991889,,2019-10-22 19:05:42,,,d8fecd1a-7733-4498-a040-a36d6b047536,,,like-d8fecd1a-7733-4498-a040-a36d6b047536-13991889,,like,,,,4a4838c5-d70b-44ac-8aa5-25b29acf128a,,,,,,
13991889,,2019-09-28 09:09:48,,,d9e15d77-2943-4277-8d75-d8b42cd8b171,,,like-d9e15d77-2943-4277-8d75-d8b42cd8b171-13991889,,like,,,,968fe779-426b-48f5-8c2a-a128779f5fad,,,,,,
13991889,,2022-04-30 18:24:11,,,dafa2137-5f65-4e59-98c8-d9bb1638ea08,,,like-dafa2137-5f65-4e59-98c8-d9bb1638ea08-13991889,,like,,,,57dda3cc-b500-4cf2-9b18-14fb37697f2c,,,,,,
13991889,,2020-02-02 06:37:36,Ford v Ferrari,,db57fed4-f171-4aca-8113-6c55e9331a08,,,like-db57fed4-f171-4aca-8113-6c55e9331a08-13991889,,like,,,,ec7e56de-b756-4691-908c-e5f994ec6a8b,,,,,,
13991889,,2019-08-03 07:27:23,,,dbb05230-f93e-453a-8e82-0f267a54354e,,,like-dbb05230-f93e-453a-8e82-0f267a54354e-13991889,,like,,,,3aba64a6-0eaf-40e1-8751-c6199666271c,,,,Derry Girls,,
13991889,,2018-07-16 03:58:22,,,dd5477e2-34f5-4327-a2cb-750b3994b5a2,,,like-dd5477e2-34f5-4327-a2cb-750b3994b5a2-13991889,,like,,,,6aa5ff5d-8015-4702-a77f-d5ebe71d70f8,,,,,,
13991889,,2022-04-30 18:24:12,,,de52baab-934a-4a2b-98a5-5e1e074ba79c,,,like-de52baab-934a-4a2b-98a5-5e1e074ba79c-13991889,,like,,,,57dda3cc-b500-4cf2-9b18-14fb37697f2c,,,,,,
13991889,,2019-06-24 20:19:21,,,e109a4b8-0532-494c-8e2a-bae4ec8f443c,,,like-e109a4b8-0532-494c-8e2a-bae4ec8f443c-13991889,,like,,,,893a25c0-819d-46a3-8503-cacca4c91510,,,,,,
13991889,,2017-10-11 03:26:17,,,e1e2cbcf-b6b5-4ba7-a128-d5ec9d605cf2,,,like-e1e2cbcf-b6b5-4ba7-a128-d5ec9d605cf2-13991889,,like,,,,6aaf3fda-c9ea-4013-aff8-5a3532727640,,,,,,
13991889,,2022-04-30 18:23:55,,,e2541531-56c0-491f-8a91-75b23884c876,,,like-e2541531-56c0-491f-8a91-75b23884c876-13991889,,like,,,,57dda3cc-b500-4cf2-9b18-14fb37697f2c,,,,,,
13991889,,2018-11-12 00:08:31,,,e2da2c08-5127-49a5-b59f-e679f2d30641,,,like-e2da2c08-5127-49a5-b59f-e679f2d30641-13991889,,like,,,,87ffe1c0-7f3c-41d6-91a4-334b6a3d36a3,,,,,,
13991889,,2018-11-12 00:09:16,,,e37b40fb-fb14-4787-a7d0-42511404b73d,,,like-e37b40fb-fb14-4787-a7d0-42511404b73d-13991889,,like,,,,87ffe1c0-7f3c-41d6-91a4-334b6a3d36a3,,,,,,
13991889,,2017-08-08 23:49:42,,,e45fbd8b-b591-40f2-8baf-3aa848533250,,,like-e45fbd8b-b591-40f2-8baf-3aa848533250-13991889,,like,,,,dfa5d6bc-609e-44a6-bb6f-a0017ca32a08,,,,,,
13991889,,2024-05-13 16:22:51,,,e522a262-0c11-454e-b396-edd5a38a877f,,,like-e522a262-0c11-454e-b396-edd5a38a877f-13991889,,like,,,,0f5c8fe5-50ff-4173-b91f-97c7d44c4d86,,,,,,
13991889,,2019-10-04 18:27:34,,,e56ff2af-864f-425f-8994-cb6fe76331d1,,,like-e56ff2af-864f-425f-8994-cb6fe76331d1-13991889,,like,,,,fe3a6bda-fb28-46da-a681-2d8ba4065433,,,,,,
13991889,,2017-08-05 10:32:03,,,e7368399-3b1c-48b4-8067-52f99ea4f5c7,,,like-e7368399-3b1c-48b4-8067-52f99ea4f5c7-13991889,,like,,,,b5ea3e68-e9d4-40ed-8370-50e387db5b5e,,,,Dragon Ball GT,,
13991889,,2019-03-24 11:38:28,,,e7fa0a30-ded8-4917-baf9-a084489d8cec,,,like-e7fa0a30-ded8-4917-baf9-a084489d8cec-13991889,,like,,,,0f47245c-de08-4781-9907-c6d19bb9c3fb,,,,,,
13991889,,2019-06-10 05:56:42,,,e83bd344-dfde-4ba1-8c70-e7655830caf9,,,like-e83bd344-dfde-4ba1-8c70-e7655830caf9-13991889,,like,,,,b6ecd42b-d48c-498e-95f1-b5ad84f0cfc3,,,,,,
13991889,,2023-07-30 05:29:53,The Beanie Bubble,,ea317512-44f8-4ac7-88a0-dee39ac70778,,,like-ea317512-44f8-4ac7-88a0-dee39ac70778-13991889,,like,,,,362ba83b-37da-45b8-b597-0816b2b02d3c,,,,,,
13991889,,2020-08-17 16:21:42,,,ead5be8b-2da0-493f-ba26-012e2b1b346d,,,like-ead5be8b-2da0-493f-ba26-012e2b1b346d-13991889,,like,,,,d5d32d74-6b6b-4bc1-88e8-b5caff3bb278,,,,,,
13991889,,2021-12-07 03:51:59,,,ec726a8a-f18f-4bdb-8b57-461c2be840a4,,,like-ec726a8a-f18f-4bdb-8b57-461c2be840a4-13991889,,like,,,,ad27a871-84f5-43bb-9a85-28be076114e6,,,,,,
13991889,,2019-07-11 05:40:41,,,ed277405-4a54-46d1-90df-c518d226415e,,,like-ed277405-4a54-46d1-90df-c518d226415e-13991889,,like,,,,ae056c6c-f4a7-49a9-8d9c-2bdc40c6b4f6,,,,,,
13991889,,2019-06-09 18:47:42,,,eedfae67-cdf5-4b8e-b465-33dbaadc6b5f,,,like-eedfae67-cdf5-4b8e-b465-33dbaadc6b5f-13991889,,like,,,,f5c1a43c-ae1e-44a7-93ec-a308007b7331,,,,,,
13991889,,2026-01-18 08:41:31,28 Years Later: The Bone Temple,,eeef7fe0-a21a-4634-85e8-6c77793e7996,,,like-eeef7fe0-a21a-4634-85e8-6c77793e7996-13991889,,like,,,,55efe63e-5e95-4b14-b8c6-c6e31c8bb561,,,,,,
13991889,,2022-08-20 00:03:49,Vivarium,,ef52521c-c2a4-4944-9b81-ad0e48323c5b,,,like-ef52521c-c2a4-4944-9b81-ad0e48323c5b-13991889,,like,,,,2355f5a2-058e-468c-931d-1da1849e83c3,,,,,,
13991889,,2018-07-29 01:57:45,,,efc24aac-83af-4446-96e3-79f81e83bf03,,,like-efc24aac-83af-4446-96e3-79f81e83bf03-13991889,,like,,,,3ec5207e-5101-499e-abd6-7b0b7011d74c,,,,,,
13991889,,2019-07-02 19:32:18,,,efdb8529-1c31-4f05-99d2-d7a78c359113,,,like-efdb8529-1c31-4f05-99d2-d7a78c359113-13991889,,like,,,,c6305dd2-177e-4678-9718-085429b2084c,,,,,,
13991889,,2020-08-16 14:32:00,Project Power,,effb4a4a-5e5b-49dd-b7ee-5708fe465406,,,like-effb4a4a-5e5b-49dd-b7ee-5708fe465406-13991889,,like,,,,5bf3985c-cdd2-4502-906e-e4f64bbefd06,,,,,,
13991889,,2017-10-11 03:26:39,,,f01c7054-503b-4f58-9461-6e3936b838fb,,,like-f01c7054-503b-4f58-9461-6e3936b838fb-13991889,,like,,,,6aaf3fda-c9ea-4013-aff8-5a3532727640,,,,,,
13991889,,2021-07-20 04:15:49,,,f0dbff03-08ce-473f-9b8a-cc3374c9af9f,,,like-f0dbff03-08ce-473f-9b8a-cc3374c9af9f-13991889,,like,,,,9bb5bc4b-7a7f-4f2e-961e-caa33b55a7c8,,,,Tokyo Revengers,,
13991889,,2020-12-15 14:03:52,,,f292c811-6ad8-4b50-9cf8-421f5c9b44b6,,,like-f292c811-6ad8-4b50-9cf8-421f5c9b44b6-13991889,,like,,,,c6808f9a-62f5-4802-a36a-0160d8bd30d5,,,,,,
13991889,,2020-08-21 11:40:40,,,f395758e-f83a-4556-8d3c-faa085b74637,,,like-f395758e-f83a-4556-8d3c-faa085b74637-13991889,,like,,,,8d36c5b0-20fe-490d-ac91-0665d1e7435e,,,,,,
13991889,,2021-11-23 17:09:23,,,f4b5dcc7-9fdc-4a54-82bd-b748bfa5630c,,,like-f4b5dcc7-9fdc-4a54-82bd-b748bfa5630c-13991889,,like,,,,9f2c9369-0d13-44d9-88ca-9d722d8468a2,,,,,,
13991889,,2022-01-31 01:14:21,,,f65e14be-75f5-413b-a1e5-9abe389cc5ab,,,like-f65e14be-75f5-413b-a1e5-9abe389cc5ab-13991889,,like,,,,b89a339e-b888-496f-82a7-2be5f9d2cc24,,,,,,
13991889,,2019-12-19 17:22:03,,,f8b5daa4-3c08-4682-aaef-188b19f1fe45,,,like-f8b5daa4-3c08-4682-aaef-188b19f1fe45-13991889,,like,,,,37a16e11-5edb-4429-9071-e5fb5584933b,,,,,,
13991889,,2019-07-19 21:04:32,,,f9380e14-9945-49fd-9c3b-ee36a8adabae,,,like-f9380e14-9945-49fd-9c3b-ee36a8adabae-13991889,,like,,,,174d54c5-3169-4b63-be46-e2478d2e79c7,,,,,,
13991889,,2018-11-12 00:06:52,,,f9aad069-b5ca-4052-869f-e78e04abbe6b,,,like-f9aad069-b5ca-4052-869f-e78e04abbe6b-13991889,,like,,,,fa60c285-b60d-4862-b204-b23559be2dd7,,,,,,
13991889,,2022-11-13 03:13:34,,,f9f89950-5a21-4c29-95eb-8934fc3f05a8,,,like-f9f89950-5a21-4c29-95eb-8934fc3f05a8-13991889,,like,,,,4656d8c6-c0ad-439f-8ac7-1b46c556b8c6,,,,,,
13991889,,2019-12-19 17:23:30,,,fd85d05b-b684-4950-8756-79001997ade5,,,like-fd85d05b-b684-4950-8756-79001997ade5-13991889,,like,,,,8c3bd532-9382-4d1a-9f8f-9aead1664204,,,,,,
13991889,,2019-06-08 06:48:40,,,fe35d93a-d401-413b-9292-2da83082aadb,,,like-fe35d93a-d401-413b-9292-2da83082aadb-13991889,,like,,,,5d185373-efc7-48a4-9de5-e268222272dd,,,,,,
13991889,,2019-12-13 22:17:51,,,ff737769-a8bf-4ceb-b922-561107d830d7,,,like-ff737769-a8bf-4ceb-b922-561107d830d7-13991889,,like,,,,75c40555-a649-43bd-8f02-2864e9c5e9ad,,,,,,
13991889,7d68ff2a-50c0-49c9-a090-e8b2d5c20c77,2020-02-02 06:38:17,Ford v Ferrari,13,91b6636c-317f-402c-9c51-c2ac936f8820,2020-02-02 06:38:17,movie,reply-91b6636c-317f-402c-9c51-c2ac936f8820-1580625496-7d68ff2a-50c0-49c9-a090-e8b2d5c20c77,false,reply,Then why just 3.5/5?,,0,ec7e56de-b756-4691-908c-e5f994ec6a8b,0,0,,,,
13991889,,,,,,,,user-read-13991889,,,,,,1c9338ea-b66d-4625-8aea-b2474fff6cf1,,,,,1779128414360542,1776536414360542
13991889,,,Home Sweet Hell,,,,,user-read-13991889,,,,,,40f51d30-e41e-4637-a7d1-b2245acdc09a,,,,,1687660780388432,1685068780388433
13991889,,,,,,,,user-read-13991889,,,,,,80a23bcb-c371-444a-9f82-5be13383a376,,,,,1682629246685688,1680037246685688
13991889,,,,,,,,user-read-13991889,,,,,,3d7e9f50-32b3-4fcb-80b2-bb9f64861ea0,,,,,1682629247781262,1680037247781262
13991889,,,,,,,,user-read-13991889,,,,,,92fe0f40-d117-4ff8-a6b9-19e5da0d8685,,,,,1773162348547477,1770570348547477
13991889,,,Tetris,,,,,user-read-13991889,,,,,,1bd5f8f7-e114-49c8-aad3-3d649b86e832,,,,,1683474441074471,1680882441074471
13991889,,,,,,,,user-read-13991889,,,,,,ee858d67-1284-4e57-8871-8d42fd3da870,,,,,1684711272579688,1682119272579688
13991889,,,となりのトトロ,,,,,user-read-13991889,,,,,,fe58d6ce-6230-4486-8986-811ce0fe4c9e,,,,,1704239547631174,1701647547631174
13991889,,,,,,,,user-read-13991889,,,,,,f61b49d2-89bd-42ad-96b3-b2843ebbee4e,,,,,1687814968890555,1685222968890555
13991889,,,Death at a Funeral,,,,,user-read-13991889,,,,,,29267b84-a5cd-4e25-b72f-5fc4b2adcd6b,,,,,1682470468786796,1679878468786796
13991889,,,「鬼滅の刃」上弦集結、そして刀鍛冶の里へ,,,,,user-read-13991889,,,,,,a4cf678e-483b-4016-9d5f-1b6c73b6ab66,,,,,1680985394682887,1678393394682887
13991889,,,,,,,,user-read-13991889,,,,,,c7b9d82d-c9a8-4721-9001-7ecea4ad9faa,,,,,1682625525656515,1680033525656515
13991889,,,Guilty as Sin,,,,,user-read-13991889,,,,,,f8e0da75-9414-4b90-9be5-ae3778e689a0,,,,,1726954014653376,1724362014653376
13991889,,,,,,,,user-read-13991889,,,,,,2a280bb2-6ad6-44d9-a07a-54eb0ec18dab,,,,,1687904659504502,1685312659504502
13991889,,,Black Adam,,,,,user-read-13991889,,,,,,64107725-a8e3-40e2-8dde-6f71bd2d8498,,,,,1694652817587236,1692060817587236
13991889,,,,,,,,user-read-13991889,,,,,,e7467d61-5e54-4b52-a2c5-9d63a5b98d41,,,,,1682629248300787,1680037248300788
13991889,,,,,,,,user-read-13991889,,,,,,15cfa96c-49e6-400d-8250-b655f650f943,,,,,1682629248082521,1680037248082521
13991889,,,,,,,,user-read-13991889,,,,,,22bcbc83-0ab8-441e-bbd8-30a1f7e52810,,,,,1684711281500646,1682119281500646
13991889,,,,,,,,user-read-13991889,,,,,,ada62f3c-9fc0-471d-9cc6-e541903f51da,,,,,1687722794518570,1685130794518570
13991889,,,,,,,,user-read-13991889,,,,,,42e784ef-5207-4036-9edc-2dab8cfa6892,,,,,1689116928233922,1686524928233922
13991889,,,,,,,,user-read-13991889,,,,,,9ee94670-8e18-456a-bf72-0cf0badac466,,,,,1764014625971511,1761422625971511
13991889,,,Bird Box: Barcelona,,,,,user-read-13991889,,,,,,9a07c179-dfff-4c7d-b48c-b885484751ab,,,,,1692757754589379,1690165754589379
13991889,,,Freaky,,,,,user-read-13991889,,,,,,f9656943-8d07-4f47-8a77-0d59869f1d6e,,,,,1690859799634921,1688267799634922
13991889,,,,,,,,user-read-13991889,,,,,,414bb604-4a08-4956-83e6-631db504df20,,,,,1681063258579144,1678471258579144
13991889,,,,,,,,user-read-13991889,,,,,,0be1a43f-5d69-4b32-a6dd-f0dfecca056d,,,,,1685207848525430,1682615848525430
13991889,,,,,,,,user-read-13991889,,,,,,a9bb644c-197d-4a7e-97e7-9409b7d86c31,,,,,1684711312812768,1682119312812768
13991889,,,,,,,,user-read-13991889,,,,,,8fbd9523-c29b-46b1-acf4-602d24f81703,,,,,1762314816461376,1759722816461376
13991889,,,,,,,,user-read-13991889,,,,,,b2219ea1-c8be-4f73-b303-0cd5d880bc41,,,,,1684711288849763,1682119288849763
13991889,,,,,,,,user-read-13991889,,,,,,c245a2d2-ef54-4aee-8954-cf2f4ea74080,,,,,1740957025107672,1738365025107672
13991889,,,Oppenheimer,,,,,user-read-13991889,,,,,,9adb5ec5-a5c7-4cc8-8b10-b69f8944bfbf,,,,,1696641071060681,1694049071060681
13991889,,,Wrath of Man,,,,,user-read-13991889,,,,,,83efdedf-6e68-4546-a738-372cf0495ddb,,,,,1684809632859649,1682217632859650
13991889,,,,,,,,user-read-13991889,,,,,,54068c24-d9e9-46bf-8010-2115f6896937,,,,,1764004939115469,1761412939115469
13991889,,,,,,,,user-read-13991889,,,,,,5ae93a98-723a-4ec9-abfe-ac3e47c95234,,,,,1698538883502737,1695946883502737
13991889,,,,,,,,user-read-13991889,,,,,,df864e31-5b06-4f0a-b884-8a5d23932009,,,,,1684711321869919,1682119321869919
13991889,,,,,,,,user-read-13991889,,,,,,e6368802-ed5f-4b4f-8a9a-24e576fdc715,,,,,1687967335669274,1685375335669274
13991889,,,,,,,,user-read-13991889,,,,,,62d004b4-8f9f-4392-801c-a81fca9d393b,,,,,1684711315170788,1682119315170792
13991889,,,,,,,,user-read-13991889,,,,,,153872e4-6f3f-4301-ad94-3234d246e589,,,,,1687914914906834,1685322914906835
13991889,,,,,,,,user-read-13991889,,,,,,f8f00cc7-f70a-4a5e-97c2-308ff95794de,,,,,1685938616080165,1683346616080165
13991889,,,劇場版「鬼滅の刃」 無限列車編,,,,,user-read-13991889,,,,,,25d72184-f66a-4965-a647-8cbd74c2db59,,,,,1680985383041030,1678393383041030
13991889,,,Insidious: The Red Door,,,,,user-read-13991889,,,,,,94d3fa95-f83d-42ad-ba65-06bfa022feb0,,,,,1695855787462593,1693263787462593
13991889,,,Lift,,,,,user-read-13991889,,,,,,684994d3-986a-4674-9432-903e51f56d2d,,,,,1707845640413216,1705253640413216
13991889,,,,,,,,user-read-13991889,,,,,,0f5c8fe5-50ff-4173-b91f-97c7d44c4d86,,,,,1718209359295977,1715617359295977
13991889,,,Black Mirror: Bandersnatch,,,,,user-read-13991889,,,,,,f10ef4a2-73e0-49e9-9df7-9332a2985a79,,,,,1691456351908932,1688864351908932
13991889,,,,,,,,user-read-13991889,,,,,,f5c1a43c-ae1e-44a7-93ec-a308007b7331,,,,,1689546654539333,1686954654539333
13991889,,,Vampires Suck,,,,,user-read-13991889,,,,,,bdb1ca3e-5529-4045-b8fd-f9671e3402f5,,,,,1692500703862282,1689908703862282
13991889,,,,,,,,user-read-13991889,,,,,,42ef9b64-1485-443a-835a-9e9dd9feaca1,,,,,1689131291594014,1686539291594014
13991889,,,,,,,,user-read-13991889,,,,,,caf80afa-2bcf-4d60-a78f-0c27e74a0d63,,,,,1681063259402370,1678471259402370
13991889,,,,,,,,user-read-13991889,,,,,,deb84be2-c462-4fdd-8f9c-c6a2a5a649e5,,,,,1682828054097201,1680236054097202
13991889,,,,,,,,user-read-13991889,,,,,,2c619381-0d0c-4e3f-9970-6e843206ed41,,,,,1682629247690366,1680037247690366
13991889,,,Project Power,,,,,user-read-13991889,,,,,,5bf3985c-cdd2-4502-906e-e4f64bbefd06,,,,,1682828022306590,1680236022306590
13991889,,,Barbie,,,,,user-read-13991889,,,,,,0247115f-7654-4e6d-a108-23fd55bf6232,,,,,1693434067773333,1690842067773333
13991889,,,The Guardians of the Galaxy Holiday Special,,,,,user-read-13991889,,,,,,d43c1cfa-f61d-4a2f-9248-c21cad6c9c4a,,,,,1693614493117360,1691022493117360
13991889,,,Everything Everywhere All at Once,,,,,user-read-13991889,,,,,,806dfa10-ad40-4e60-a878-ba49a8326f03,,,,,1682960697727630,1680368697727630
13991889,,,,,,,,user-read-13991889,,,,,,2299cf86-0a28-4d0f-80ab-a36739ca2009,,,,,1684615969683059,1682023969683060
13991889,,,Queenpins,,,,,user-read-13991889,,,,,,d9a4f296-56e9-4286-b038-b8e81cc01a8e,,,,,1681706724974534,1679114724974534
13991889,,,Scream,,,,,user-read-13991889,,,,,,e11c4377-0e7a-4eea-8fff-b01d1af37669,,,,,1680985189146660,1678393189146660
13991889,,,Gran Turismo,,,,,user-read-13991889,,,,,,55e0f002-e606-4b74-8caf-ae70138a6bb0,,,,,1699935922209378,1697343922209378
13991889,,,,,,,,user-read-13991889,,,,,,a65d1daf-ab10-4f92-a589-d51c09aa7461,,,,,1688010322438554,1685418322438554
13991889,,,The Flash,,,,,user-read-13991889,,,,,,fadbb018-b0e3-45be-aca4-59a817539996,,,,,1689832177354552,1687240177354552
13991889,,,,,,,,user-read-13991889,,,,,,f0477a82-2ec3-4b75-8f85-27b6bd7b9a8f,,,,,1765995318397230,1763403318397230
13991889,,,,,,,,user-read-13991889,,,,,,22a6ee71-12cf-45fd-b0fd-b91c723701c9,,,,,1694736905251849,1692144905251849
13991889,,,,,,,,user-read-13991889,,,,,,84f74f5d-7464-4ee8-94cd-bdc6c2edb339,,,,,1680399208332833,1677807208332833
13991889,,,,,,,,user-read-13991889,,,,,,1f8a4cae-010d-4925-a719-8e24b0251d0e,,,,,1684615971524613,1682023971524613
13991889,,,,,,,,user-read-13991889,,,,,,632c5cba-22e4-4897-ac7e-a810754b074d,,,,,1687921384615691,1685329384615691
13991889,,,Hitman’s Wife’s Bodyguard,,,,,user-read-13991889,,,,,,03410eb0-bcd8-403a-b308-c1583a8062af,,,,,1684374976417595,1681782976417595
13991889,,,,,,,,user-read-13991889,,,,,,2f926235-00e2-4edc-b84d-2af12491fef6,,,,,1764377608278911,1761785608278911
13991889,,,,,,,,user-read-13991889,,,,,,ca6faa6b-36ba-43af-8d4a-ac0f23c1c20a,,,,,1691456371018953,1688864371018953
13991889,,,,,,,,user-read-13991889,,,,,,c66c1119-5572-4e4b-84ca-44503d3e18a4,,,,,1699419785856036,1696827785856036
13991889,,,Unfrosted: The Pop-Tart Story,,,,,user-read-13991889,,,,,,56a7695e-8b9e-4cf5-858f-7d8c73a5c673,,,,,1739854789236993,1737262789236993
13991889,,,,,,,,user-read-13991889,,,,,,cdc87644-957b-489e-b8d7-dc1f7bdafbe0,,,,,1680399198200365,1677807198200365
13991889,,,Spider-Man: Across the Spider-Verse,,,,,user-read-13991889,,,,,,2f6cfd70-9bc6-49f1-b8e7-469004bd11df,,,,,1688991063123279,1686399063123279
13991889,,,,,,,,user-read-13991889,,,,,,44209999-e849-4971-8583-eb2d4aa16e9c,,,,,1700014489316307,1697422489316308
13991889,,,,,,,,user-read-13991889,,,,,,ebce482a-c798-45e1-af43-fecf62c169c5,,,,,1743442572016720,1740850572016721
13991889,,,,,,,,user-read-13991889,,,,,,d5d74525-a26d-475c-9aab-454818cf63f5,,,,,1782019087507683,1779427087507683
13991889,,,,,,,,user-read-13991889,,,,,,15480321-1b03-4e6e-9ba3-0e39cdea5a54,,,,,1687921272904479,1685329272904479
13991889,,,,,,,,user-read-13991889,,,,,,24e7b56a-6679-4310-85ae-45ea2621045e,,,,,1764633845259415,1762041845259416
13991889,,,,,,,,user-read-13991889,,,,,,80e7c8d5-61df-4f24-945e-42c3b15209eb,,,,,1689986018560011,1687394018560012
13991889,,,,,,,,user-read-13991889,,,,,,f96561cf-1922-4d38-9fed-5977bf38d19a,,,,The Consultant (2023),1680399178180544,1677807178180544
13991889,,,The Lie,,,,,user-read-13991889,,,,,,ee3dabd1-afd3-4941-8d8b-6cf4ec1d2ef2,,,,,1695855861502604,1693263861502604
13991889,,,Dog,,,,,user-read-13991889,,,,,,59232668-55b9-4a20-ad88-e6e009600e08,,,,,1694644115440901,1692052115440901
13991889,,,,,,,,user-read-13991889,,,,,,a4a4e1f9-6d8b-4c3a-a9a1-b01a00d5ebad,,,,,1743387889127908,1740795889127908
13991889,,,The Pope's Exorcist,,,,,user-read-13991889,,,,,,986ce017-4a8b-413d-95ae-ab7bff682969,,,,,1694569883811569,1691977883811569
13991889,,,The Super Mario Bros. Movie,,,,,user-read-13991889,,,,,,03152034-a8ec-4d40-a18c-9dd1cecec6fa,,,,,1692757780207853,1690165780207853
13991889,,,Flamin' Hot,,,,,user-read-13991889,,,,,,45bb0395-1f4d-424c-b1dd-5b6d546693ca,,,,,1695855880367714,1693263880367714
13991889,,,On the Line,,,,,user-read-13991889,,,,,,a9c5e5f9-4b9d-4263-a494-df1e0307adaa,,,,,1697516022418683,1694924022418683
13991889,,,,,,,,user-read-13991889,,,,,,33525af5-7c33-431d-8dc8-7a07814d1b54,,,,,1685938617291429,1683346617291430
13991889,,,,,,,,user-read-13991889,,,,,,c486e77c-9e68-4a1a-8a32-4b9e94719bb6,,,,,1682468816266002,1679876816266002
13991889,,,28 Years Later: The Bone Temple,,,,,user-read-13991889,,,,,,55efe63e-5e95-4b14-b8c6-c6e31c8bb561,,,,,1771317770258262,1768725770258262
13991889,,,,,,,,user-read-13991889,,,,,,02585a53-a782-4ec5-a8dd-b9491a688f4f,,,,,1773802500625060,1771210500625060
13991889,,,Guardians of the Galaxy Vol. 3,,,,,user-read-13991889,,,,,,40b1a8ca-b35c-451f-9dfd-2c4186bae401,,,,,1686758646806486,1684166646806486
13991889,,,,,,,,user-read-13991889,,,,,,3f06808e-0cce-4ad9-bd33-2516318bbec8,,,,,1689116948570507,1686524948570507
13991889,,,La Extorsión,,,,,user-read-13991889,,,,,,cad1eb2f-89b7-4e05-8006-f1ec5e9fcdbf,,,,,1687664756989387,1685072756989387
13991889,,,The Dark Tower,,,,,user-read-13991889,,,,,,2337b137-e209-45e1-b73d-e777dd624dc3,,,,,1693278856529465,1690686856529465
13991889,,,,,,,,user-read-13991889,,,,,,9527a36f-27d9-46ed-81c5-8932c25dbe01,,,,,1694736802799509,1692144802799510
13991889,,,,,,,,user-read-13991889,,,,,,796b3280-126f-4b1b-8a56-6a3b6ef85cae,,,,,1745634537867986,1743042537867986
13991889,,,Air,,,,,user-read-13991889,,,,,,3d076228-8b17-43cd-9b7f-31208843f139,,,,,1686623245646550,1684031245646550
13991889,,,,,,,,user-read-13991889,,,,,,549ece08-860d-4988-bbca-a1620ea79775,,,,,1700264665213814,1697672665213814
13991889,,,,,,,,user-read-13991889,,,,,,6c54498e-0fad-4181-af8b-3f893f3ab61b,,,,,1700031571490161,1697439571490161
13991889,,,,,,,,user-read-13991889,,,,,,f07b7397-66d5-4a72-a49c-ce2142be9a54,,,,,1682629247250257,1680037247250257
13991889,,,,,,,,user-read-13991889,,,,,,b2dc3efe-3dbd-4a37-96f7-7daa17d3fec9,,,,,1782019127387607,1779427127387607
13991889,,,,,,,,user-read-13991889,,,,,,e74d13eb-6421-4e64-bcc2-31ef1e4e8110,,,,Nothing to See Here,1710367535344340,1707775535344340
13991889,,,Meg 2: The Trench,,,,,user-read-13991889,,,,,,6d84b8fa-3b63-4e82-adc4-c080d5a29100,,,,,1699032852984499,1696440852984499
13991889,,,,,,,,user-read-13991889,,,,,,8b8816b0-bf32-466c-b40d-25d82e39954a,,,,,1683257187026002,1680665187026003
13991889,,,,,,,,user-read-13991889,,,,,,6465b2aa-9bcf-4955-981f-289e7ef744d4,,,,,1682629250747925,1680037250747925
13991889,,,The Incredibles,,,,,user-read-13991889,,,,,,de9f4f37-5794-434e-88db-f4ac6508ff01,,,,,1689385443629721,1686793443629721
13991889,,,Incredibles 2,,,,,user-read-13991889,,,,,,e86ad74f-3e3d-45cf-8c55-c5a5f8938748,,,,,1689385477476748,1686793477476748
13991889,,,Late Night,,,,,user-read-13991889,,,,,,a8f0cfb9-6eb9-4c57-ace1-dea2d8d4ff9d,,,,,1691376469173757,1688784469173757
13991889,,,You Are So Not Invited to My Bat Mitzvah,,,,,user-read-13991889,,,,,,802de268-7ca1-4a17-b86b-69db59fe1266,,,,,1697251764376886,1694659764376886
13991889,,,,,,,,user-read-13991889,,,,,,3990f0aa-e0ab-4ccc-a3df-1cc85c33fe01,,,,,1684711299469710,1682119299469710
13991889,,,,,,,,user-read-13991889,,,,,,1abcf20e-a691-49fc-9618-dc6b27105f77,,,,,1687914705885289,1685322705885289
13991889,,,,,,,,user-read-13991889,,,,,,6865dd1c-fba7-4cc2-b4be-e9b92671cb32,,,,,1764699935496130,1762107935496131
13991889,,,,,,,,user-read-13991889,,,,,,3f89d800-befe-477d-a5aa-efd43b7adc5d,,,,,1682629244879585,1680037244879585
13991889,,,,,,,,user-read-13991889,,,,,,e1383ea4-0e5e-4665-8c52-63664bed512c,,,,,1683042994961947,1680450994961947
13991889,,,,,,,,user-read-13991889,,,,,,8f8c9ca3-d64a-4bb7-bd1e-cb8ff0c10eaf,,,,,1688991308642622,1686399308642622
13991889,,,,,,,,user-read-13991889,,,,,,18a53135-dc4e-418f-b94e-1b6c3086374a,,,,,1684615974546487,1682023974546487
13991889,,,,,,,,user-read-13991889,,,,,,4b3287bb-e7cc-473f-9b02-91e45b1b3348,,,,,1694535411609835,1691943411609835
13991889,,,Kingsman: The Secret Service,,,,,user-read-13991889,,,,,,124adee5-7ef6-4cf5-b5ef-108bcba3cc86,,,,,1689985978816882,1687393978816883
13991889,,,,,,,,user-read-13991889,,,,,,8532eb75-b76a-4ade-ab64-b3db33cf77f9,,,,,1740955803930755,1738363803930755
13991889,,,,,,,,user-read-13991889,,,,,,16bd54b7-2c4f-48a4-90f2-6f212f2818e3,,,,,1684711311635851,1682119311635851
13991889,,,The Beanie Bubble,,,,,user-read-13991889,,,,,,362ba83b-37da-45b8-b597-0816b2b02d3c,,,,,1693286962874313,1690694962874313
13991889,,,,,,,,user-read-13991889,,,,,,e1b0f6a9-4554-4a58-85c5-9dc35d0230f1,,,,,1687921380161164,1685329380161164
13991889,,,,,,,,user-read-13991889,,,,,,9ea961b5-e080-42ac-ac49-348f8d9ced7b,,,,,1702912480329076,1700320480329076
13991889,,,,,,,,user-read-13991889,,,,,,fdb24592-fe6f-4e87-bdbd-ee3bc5361a37,,,,,1692920265516664,1690328265516664
13991889,,,Death at a Funeral,,,,,user-read-13991889,,,,,,e3ae9a97-fdf0-44cf-b941-5b7a441fb23b,,,,,1682470473366614,1679878473366614
13991889,,,,,,,,user-read-13991889,,,,,,a8b4c467-fe6c-42d7-9941-bca9c96b5f29,,,,,1764377623052210,1761785623052210
13991889,,,Elemental,,,,,user-read-13991889,,,,,,c914d8fe-81cb-4f09-bd7d-85d11cb1194f,,,,,1691201271739004,1688609271739005
13991889,,,Steve Jobs,,,,,user-read-13991889,,,,,,6dff5561-04fe-44db-b9fc-0ecb697a9525,,,,,1717355500783824,1714763500783824
13991889,,,,,,,,user-read-13991889,,,,,,7a6eba18-279b-44b1-aec4-0cb1a35e62e0,,,,,1696558007088558,1693966007088558
13991889,,,,,,,,user-read-13991889,,,,,,762b033a-3983-4724-8dc2-f93b29cbbb2c,,,,,1699717479560896,1697125479560896
13991889,,,,,,,,user-read-13991889,,,,,,c38117e0-7504-43e3-acb8-3bad3c507c7f,,,,,1682468822562713,1679876822562713
13991889,,,,,,,,user-read-13991889,,,,,,119f06d9-1791-427f-bea3-f78c111271d8,,,,,1683923357498702,1681331357498702
13991889,,,,,,,,user-read-13991889,,,,,,fe8a12a5-215f-4302-a317-68180898b181,,,,,1686672482939067,1684080482939067
