name,value,created_at,updated_at,id,device_id
agenda_widgets,0,2017-09-11 19:40:37,2017-09-11 19:40:37,21576151,00674ed7e83c2b047ff6873a18f78261
build_brand,samsung,2017-09-11 19:40:37,2017-09-11 19:40:37,21576144,00674ed7e83c2b047ff6873a18f78261
build_manufacturer,samsung,2017-09-11 19:40:37,2017-09-11 19:40:37,21576143,00674ed7e83c2b047ff6873a18f78261
build_model,GT-I9500,2017-09-11 19:40:37,2017-09-11 19:40:37,21576145,00674ed7e83c2b047ff6873a18f78261
launcher,com.cyanogenmod.trebuchet,2017-09-11 19:40:37,2017-09-28 19:40:25,21576150,00674ed7e83c2b047ff6873a18f78261
model,Galaxy S4,2017-09-11 19:40:37,2017-09-11 19:40:37,21576142,00674ed7e83c2b047ff6873a18f78261
os,android,2017-09-11 19:40:37,2017-09-11 19:40:37,21576146,00674ed7e83c2b047ff6873a18f78261
os_version,7.1.2,2017-09-11 19:40:37,2017-09-11 19:40:37,21576147,00674ed7e83c2b047ff6873a18f78261
play_services_status,0,2017-09-11 19:40:37,2017-09-11 19:40:37,21576149,00674ed7e83c2b047ff6873a18f78261
sdk,25,2017-09-11 19:40:37,2017-09-11 19:40:37,21576148,00674ed7e83c2b047ff6873a18f78261
to_watch_widgets,0,2017-09-11 19:40:37,2017-09-11 19:40:37,21576152,00674ed7e83c2b047ff6873a18f78261
agenda_widgets,1,2019-11-12 00:37:48,2019-11-13 01:26:26,115787353,075885ebac616ba8262e468f2387cf37
build_brand,Xiaomi,2019-11-12 00:37:48,2019-11-15 03:29:36,115787346,075885ebac616ba8262e468f2387cf37
build_manufacturer,Xiaomi,2019-11-12 00:37:48,2019-11-15 03:29:36,115787345,075885ebac616ba8262e468f2387cf37
build_model,Redmi Note 5,2019-11-12 00:37:48,2019-11-15 03:29:36,115787347,075885ebac616ba8262e468f2387cf37
launcher,ch.deletescape.lawnchair.ci,2019-11-12 00:37:48,2019-11-12 18:37:01,115787352,075885ebac616ba8262e468f2387cf37
model,Redmi Note 5,2019-11-12 00:37:48,2019-11-15 03:29:36,115787344,075885ebac616ba8262e468f2387cf37
os,android,2019-11-12 00:37:48,2019-11-12 00:37:48,115787348,075885ebac616ba8262e468f2387cf37
os_version,10,2019-11-12 00:37:48,2019-11-12 00:37:48,115787349,075885ebac616ba8262e468f2387cf37
play_services_status,0,2019-11-12 00:37:48,2019-11-12 00:37:48,115787351,075885ebac616ba8262e468f2387cf37
sdk,29,2019-11-12 00:37:48,2019-11-12 00:37:48,115787350,075885ebac616ba8262e468f2387cf37
to_watch_widgets,1,2019-11-12 00:37:48,2019-11-12 23:54:15,115787354,075885ebac616ba8262e468f2387cf37
agenda_widgets,0,2018-01-08 01:31:07,2018-01-08 01:31:07,37505363,1001ba23c0ee48175cc27eb347564d62
build_brand,samsung,2018-01-08 01:31:07,2018-01-08 01:31:07,37505356,1001ba23c0ee48175cc27eb347564d62
build_manufacturer,samsung,2018-01-08 01:31:07,2018-01-08 01:31:07,37505355,1001ba23c0ee48175cc27eb347564d62
build_model,GT-I9500,2018-01-08 01:31:07,2018-01-08 01:31:07,37505357,1001ba23c0ee48175cc27eb347564d62
launcher,is.shortcut,2018-01-08 01:31:07,2018-01-08 01:31:07,37505362,1001ba23c0ee48175cc27eb347564d62
model,Galaxy S4,2018-01-08 01:31:07,2018-01-08 01:31:07,37505354,1001ba23c0ee48175cc27eb347564d62
os,android,2018-01-08 01:31:07,2018-01-08 01:31:07,37505358,1001ba23c0ee48175cc27eb347564d62
os_version,5.0.1,2018-01-08 01:31:07,2018-01-08 01:31:07,37505359,1001ba23c0ee48175cc27eb347564d62
play_services_status,0,2018-01-08 01:31:07,2018-01-08 01:31:07,37505361,1001ba23c0ee48175cc27eb347564d62
sdk,21,2018-01-08 01:31:07,2018-01-08 01:31:07,37505360,1001ba23c0ee48175cc27eb347564d62
to_watch_widgets,0,2018-01-08 01:31:07,2018-01-08 01:31:07,37505364,1001ba23c0ee48175cc27eb347564d62
agenda_widgets,0,2020-01-08 21:49:09,2020-09-16 21:59:27,123900630,1da10048b7411db4ac2cf5a786c9df9a
build_brand,Xiaomi,2020-01-08 21:49:09,2021-09-16 06:13:30,123900623,1da10048b7411db4ac2cf5a786c9df9a
build_manufacturer,Xiaomi,2020-01-08 21:49:09,2021-09-16 06:13:30,123900622,1da10048b7411db4ac2cf5a786c9df9a
build_model,Redmi Note 5,2020-01-08 21:49:09,2021-09-16 06:13:30,123900624,1da10048b7411db4ac2cf5a786c9df9a
launcher,com.android.launcher3,2020-01-08 21:49:09,2021-11-21 04:49:07,123900629,1da10048b7411db4ac2cf5a786c9df9a
model,Redmi 5 Plus,2020-01-08 21:49:09,2021-09-16 06:13:30,123900621,1da10048b7411db4ac2cf5a786c9df9a
os,android,2020-01-08 21:49:09,2020-01-08 21:49:09,123900625,1da10048b7411db4ac2cf5a786c9df9a
os_version,11,2020-01-08 21:49:09,2020-12-17 05:47:39,123900626,1da10048b7411db4ac2cf5a786c9df9a
play_services_status,0,2020-01-08 21:49:09,2020-01-08 21:49:09,123900628,1da10048b7411db4ac2cf5a786c9df9a
sdk,30,2020-01-08 21:49:09,2020-12-17 05:47:39,123900627,1da10048b7411db4ac2cf5a786c9df9a
to_watch_widgets,0,2020-01-08 21:49:09,2021-10-24 20:50:20,123900631,1da10048b7411db4ac2cf5a786c9df9a
agenda_widgets,0,2022-01-16 04:14:08,2022-01-16 04:14:08,206434205,1dd65e903c12c6b87ae0af06e53c79ec
build_brand,samsung,2022-01-16 04:14:08,2022-01-16 04:14:08,206434198,1dd65e903c12c6b87ae0af06e53c79ec
build_manufacturer,samsung,2022-01-16 04:14:08,2022-01-16 04:14:08,206434197,1dd65e903c12c6b87ae0af06e53c79ec
build_model,SM-A325M,2022-01-16 04:14:08,2022-01-16 04:14:08,206434199,1dd65e903c12c6b87ae0af06e53c79ec
launcher,com.sec.android.app.launcher,2022-01-16 04:14:08,2022-01-16 04:14:08,206434204,1dd65e903c12c6b87ae0af06e53c79ec
model,a32,2022-01-16 04:14:08,2022-01-16 04:14:08,206434196,1dd65e903c12c6b87ae0af06e53c79ec
os,android,2022-01-16 04:14:08,2022-01-16 04:14:08,206434200,1dd65e903c12c6b87ae0af06e53c79ec
os_version,11,2022-01-16 04:14:08,2022-01-16 04:14:08,206434201,1dd65e903c12c6b87ae0af06e53c79ec
play_services_status,0,2022-01-16 04:14:08,2022-01-16 04:14:08,206434203,1dd65e903c12c6b87ae0af06e53c79ec
sdk,30,2022-01-16 04:14:08,2022-01-16 04:14:08,206434202,1dd65e903c12c6b87ae0af06e53c79ec
to_watch_widgets,0,2022-01-16 04:14:08,2022-02-17 03:22:26,206434206,1dd65e903c12c6b87ae0af06e53c79ec
agenda_widgets,0,2017-10-28 16:20:24,2017-10-28 16:20:24,28043677,30270dfc2e6970dd6b67c47aa1a7b219
build_brand,samsung,2017-10-28 16:20:24,2017-10-28 16:20:24,28043670,30270dfc2e6970dd6b67c47aa1a7b219
build_manufacturer,samsung,2017-10-28 16:20:24,2017-10-28 16:20:24,28043669,30270dfc2e6970dd6b67c47aa1a7b219
build_model,GT-I9500,2017-10-28 16:20:24,2017-10-28 16:20:24,28043671,30270dfc2e6970dd6b67c47aa1a7b219
launcher,is.shortcut,2017-10-28 16:20:24,2017-10-28 16:20:24,28043676,30270dfc2e6970dd6b67c47aa1a7b219
model,Galaxy S4,2017-10-28 16:20:24,2017-10-28 16:20:24,28043668,30270dfc2e6970dd6b67c47aa1a7b219
os,android,2017-10-28 16:20:24,2017-10-28 16:20:24,28043672,30270dfc2e6970dd6b67c47aa1a7b219
os_version,5.0.1,2017-10-28 16:20:24,2017-10-28 16:20:24,28043673,30270dfc2e6970dd6b67c47aa1a7b219
play_services_status,0,2017-10-28 16:20:24,2017-10-28 16:20:24,28043675,30270dfc2e6970dd6b67c47aa1a7b219
sdk,21,2017-10-28 16:20:24,2017-10-28 16:20:24,28043674,30270dfc2e6970dd6b67c47aa1a7b219
to_watch_widgets,0,2017-10-28 16:20:24,2017-10-28 16:20:24,28043678,30270dfc2e6970dd6b67c47aa1a7b219
agenda_widgets,0,2019-10-02 03:03:18,2019-10-02 03:03:18,111499168,36bbcd09ac5e062135d0ed021a398440
build_brand,Xiaomi,2019-10-02 03:03:18,2019-10-02 03:03:18,111499161,36bbcd09ac5e062135d0ed021a398440
build_manufacturer,Xiaomi,2019-10-02 03:03:18,2019-10-02 03:03:18,111499160,36bbcd09ac5e062135d0ed021a398440
build_model,Redmi Note 5,2019-10-02 03:03:18,2019-10-02 03:03:18,111499162,36bbcd09ac5e062135d0ed021a398440
launcher,com.google.android.apps.nexuslauncher,2019-10-02 03:03:18,2019-10-02 03:03:18,111499167,36bbcd09ac5e062135d0ed021a398440
model,Redmi Note 5,2019-10-02 03:03:18,2019-10-02 03:03:18,111499159,36bbcd09ac5e062135d0ed021a398440
os,android,2019-10-02 03:03:18,2019-10-02 03:03:18,111499163,36bbcd09ac5e062135d0ed021a398440
os_version,10,2019-10-02 03:03:18,2019-10-02 03:03:18,111499164,36bbcd09ac5e062135d0ed021a398440
play_services_status,0,2019-10-02 03:03:18,2019-10-02 03:03:18,111499166,36bbcd09ac5e062135d0ed021a398440
sdk,29,2019-10-02 03:03:18,2019-10-02 03:03:18,111499165,36bbcd09ac5e062135d0ed021a398440
to_watch_widgets,0,2019-10-02 03:03:18,2019-10-02 03:03:18,111499169,36bbcd09ac5e062135d0ed021a398440
agenda_widgets,0,2019-05-02 14:24:29,2019-05-02 14:24:29,94502710,493ab5c177d39bdf13d274c1e6d54702
build_brand,xiaomi,2019-05-02 14:24:29,2019-07-27 06:25:48,94502703,493ab5c177d39bdf13d274c1e6d54702
build_manufacturer,Xiaomi,2019-05-02 14:24:29,2019-05-02 14:24:29,94502702,493ab5c177d39bdf13d274c1e6d54702
build_model,Redmi Note 5,2019-05-02 14:24:29,2019-05-02 14:24:29,94502704,493ab5c177d39bdf13d274c1e6d54702
launcher,com.miui.home,2019-05-02 14:24:29,2019-08-09 06:10:23,94502709,493ab5c177d39bdf13d274c1e6d54702
model,Redmi Note 5,2019-05-02 14:24:29,2019-05-02 14:24:29,94502701,493ab5c177d39bdf13d274c1e6d54702
os,android,2019-05-02 14:24:29,2019-05-02 14:24:29,94502705,493ab5c177d39bdf13d274c1e6d54702
os_version,9,2019-05-02 14:24:29,2019-05-02 14:24:29,94502706,493ab5c177d39bdf13d274c1e6d54702
play_services_status,0,2019-05-02 14:24:29,2019-05-02 14:24:29,94502708,493ab5c177d39bdf13d274c1e6d54702
sdk,28,2019-05-02 14:24:29,2019-05-02 14:24:29,94502707,493ab5c177d39bdf13d274c1e6d54702
to_watch_widgets,0,2019-05-02 14:24:29,2019-05-02 14:24:29,94502711,493ab5c177d39bdf13d274c1e6d54702
agenda_widgets,0,2017-10-04 17:30:50,2017-10-04 17:30:50,24626668,4a638965156cfbfe66265f534bc5cda0
build_brand,samsung,2017-10-04 17:30:50,2017-10-04 17:30:50,24626661,4a638965156cfbfe66265f534bc5cda0
build_manufacturer,samsung,2017-10-04 17:30:50,2017-10-04 17:30:50,24626660,4a638965156cfbfe66265f534bc5cda0
build_model,GT-I9500,2017-10-04 17:30:50,2017-10-04 17:30:50,24626662,4a638965156cfbfe66265f534bc5cda0
launcher,is.shortcut,2017-10-04 17:30:50,2017-10-09 19:44:11,24626667,4a638965156cfbfe66265f534bc5cda0
model,Galaxy S4,2017-10-04 17:30:50,2017-10-04 17:30:50,24626659,4a638965156cfbfe66265f534bc5cda0
os,android,2017-10-04 17:30:50,2017-10-04 17:30:50,24626663,4a638965156cfbfe66265f534bc5cda0
os_version,7.1.2,2017-10-04 17:30:50,2017-10-04 17:30:50,24626664,4a638965156cfbfe66265f534bc5cda0
play_services_status,0,2017-10-04 17:30:50,2017-10-04 17:30:50,24626666,4a638965156cfbfe66265f534bc5cda0
sdk,25,2017-10-04 17:30:50,2017-10-04 17:30:50,24626665,4a638965156cfbfe66265f534bc5cda0
to_watch_widgets,0,2017-10-04 17:30:50,2017-10-04 17:30:50,24626669,4a638965156cfbfe66265f534bc5cda0
agenda_widgets,0,2022-07-12 03:13:01,2022-07-12 03:13:01,232119698,4e19e9004ac67eb10dc679b7cd5c0171
build_brand,Xiaomi,2022-07-12 03:13:01,2022-07-12 03:13:01,232119691,4e19e9004ac67eb10dc679b7cd5c0171
build_manufacturer,Xiaomi,2022-07-12 03:13:01,2022-07-12 03:13:01,232119690,4e19e9004ac67eb10dc679b7cd5c0171
build_model,Mi A1,2022-07-12 03:13:01,2022-07-12 03:13:01,232119692,4e19e9004ac67eb10dc679b7cd5c0171
launcher,com.google.android.apps.nexuslauncher,2022-07-12 03:13:01,2022-07-12 03:13:01,232119697,4e19e9004ac67eb10dc679b7cd5c0171
model,Mi A1,2022-07-12 03:13:01,2022-07-12 03:13:01,232119689,4e19e9004ac67eb10dc679b7cd5c0171
os,android,2022-07-12 03:13:01,2022-07-12 03:13:01,232119693,4e19e9004ac67eb10dc679b7cd5c0171
os_version,10,2022-07-12 03:13:01,2022-07-12 03:13:01,232119694,4e19e9004ac67eb10dc679b7cd5c0171
play_services_status,0,2022-07-12 03:13:01,2022-07-12 03:13:01,232119696,4e19e9004ac67eb10dc679b7cd5c0171
sdk,29,2022-07-12 03:13:01,2022-07-12 03:13:01,232119695,4e19e9004ac67eb10dc679b7cd5c0171
to_watch_widgets,0,2022-07-12 03:13:01,2022-07-12 03:13:01,232119699,4e19e9004ac67eb10dc679b7cd5c0171
agenda_widgets,0,2017-10-22 01:31:17,2017-10-22 01:31:17,27098354,4fb5689fbb7ad5088e64c5e1692fca36
build_brand,samsung,2017-10-22 01:31:17,2017-10-22 01:31:17,27098347,4fb5689fbb7ad5088e64c5e1692fca36
build_manufacturer,samsung,2017-10-22 01:31:17,2017-10-22 01:31:17,27098346,4fb5689fbb7ad5088e64c5e1692fca36
build_model,GT-I9500,2017-10-22 01:31:17,2017-10-22 01:31:17,27098348,4fb5689fbb7ad5088e64c5e1692fca36
launcher,is.shortcut,2017-10-22 01:31:17,2017-10-22 01:31:17,27098353,4fb5689fbb7ad5088e64c5e1692fca36
model,Galaxy S4,2017-10-22 01:31:17,2017-10-22 01:31:17,27098345,4fb5689fbb7ad5088e64c5e1692fca36
os,android,2017-10-22 01:31:17,2017-10-22 01:31:17,27098349,4fb5689fbb7ad5088e64c5e1692fca36
os_version,5.0.1,2017-10-22 01:31:17,2017-10-22 01:31:17,27098350,4fb5689fbb7ad5088e64c5e1692fca36
play_services_status,0,2017-10-22 01:31:17,2017-10-22 01:31:17,27098352,4fb5689fbb7ad5088e64c5e1692fca36
sdk,21,2017-10-22 01:31:17,2017-10-22 01:31:17,27098351,4fb5689fbb7ad5088e64c5e1692fca36
to_watch_widgets,0,2017-10-22 01:31:17,2017-10-22 01:31:17,27098355,4fb5689fbb7ad5088e64c5e1692fca36
agenda_widgets,0,2022-05-19 00:31:21,2022-05-19 00:31:21,224912581,536ba9240003718d5e0f3982369e9586
build_brand,Xiaomi,2022-05-19 00:31:21,2022-05-19 00:31:21,224912574,536ba9240003718d5e0f3982369e9586
build_manufacturer,Xiaomi,2022-05-19 00:31:21,2022-05-19 00:31:21,224912573,536ba9240003718d5e0f3982369e9586
build_model,Redmi Note 5,2022-05-19 00:31:21,2022-05-19 00:31:21,224912575,536ba9240003718d5e0f3982369e9586
launcher,net.oneplus.launcher,2022-05-19 00:31:21,2022-05-19 00:31:21,224912580,536ba9240003718d5e0f3982369e9586
model,Redmi 5 Plus,2022-05-19 00:31:21,2022-05-19 00:31:21,224912572,536ba9240003718d5e0f3982369e9586
os,android,2022-05-19 00:31:21,2022-05-19 00:31:21,224912576,536ba9240003718d5e0f3982369e9586
os_version,10,2022-05-19 00:31:21,2022-05-19 00:31:21,224912577,536ba9240003718d5e0f3982369e9586
play_services_status,0,2022-05-19 00:31:21,2022-05-19 00:31:21,224912579,536ba9240003718d5e0f3982369e9586
sdk,29,2022-05-19 00:31:21,2022-05-19 00:31:21,224912578,536ba9240003718d5e0f3982369e9586
to_watch_widgets,0,2022-05-19 00:31:21,2022-05-19 00:31:21,224912582,536ba9240003718d5e0f3982369e9586
agenda_widgets,0,2019-09-30 05:26:05,2019-09-30 05:26:05,111314168,57c80d5f278cf3cd987fd1026d8e74fa
build_brand,Xiaomi,2019-09-30 05:26:05,2019-09-30 05:26:05,111314161,57c80d5f278cf3cd987fd1026d8e74fa
build_manufacturer,Xiaomi,2019-09-30 05:26:05,2019-09-30 05:26:05,111314160,57c80d5f278cf3cd987fd1026d8e74fa
build_model,Redmi Note 5,2019-09-30 05:26:05,2019-09-30 05:26:05,111314162,57c80d5f278cf3cd987fd1026d8e74fa
launcher,ch.deletescape.lawnchair.ci,2019-09-30 05:26:05,2019-09-30 05:26:05,111314167,57c80d5f278cf3cd987fd1026d8e74fa
model,Redmi Note 5,2019-09-30 05:26:05,2019-09-30 05:26:05,111314159,57c80d5f278cf3cd987fd1026d8e74fa
os,android,2019-09-30 05:26:05,2019-09-30 05:26:05,111314163,57c80d5f278cf3cd987fd1026d8e74fa
os_version,9,2019-09-30 05:26:05,2019-09-30 05:26:05,111314164,57c80d5f278cf3cd987fd1026d8e74fa
play_services_status,0,2019-09-30 05:26:05,2019-09-30 05:26:05,111314166,57c80d5f278cf3cd987fd1026d8e74fa
sdk,28,2019-09-30 05:26:05,2019-09-30 05:26:05,111314165,57c80d5f278cf3cd987fd1026d8e74fa
to_watch_widgets,0,2019-09-30 05:26:05,2019-09-30 05:26:05,111314169,57c80d5f278cf3cd987fd1026d8e74fa
agenda_widgets,0,2019-01-26 07:53:33,2019-02-06 02:57:05,84267879,5cec83971505c43b95f9e614aed97f61
build_brand,Xiaomi,2019-01-26 07:53:33,2019-04-07 03:57:46,84267872,5cec83971505c43b95f9e614aed97f61
build_manufacturer,Xiaomi,2019-01-26 07:53:33,2019-01-26 07:53:33,84267871,5cec83971505c43b95f9e614aed97f61
build_model,Redmi Note 5,2019-01-26 07:53:33,2019-01-26 07:53:33,84267873,5cec83971505c43b95f9e614aed97f61
launcher,ch.deletescape.lawnchair.ci,2019-01-26 07:53:33,2019-04-07 03:57:46,84267878,5cec83971505c43b95f9e614aed97f61
model,Redmi Note 5,2019-01-26 07:53:33,2019-01-26 07:53:33,84267870,5cec83971505c43b95f9e614aed97f61
os,android,2019-01-26 07:53:33,2019-01-26 07:53:33,84267874,5cec83971505c43b95f9e614aed97f61
os_version,9,2019-01-26 07:53:33,2019-02-09 03:16:54,84267875,5cec83971505c43b95f9e614aed97f61
play_services_status,0,2019-01-26 07:53:33,2019-01-26 07:53:33,84267877,5cec83971505c43b95f9e614aed97f61
sdk,28,2019-01-26 07:53:33,2019-02-09 03:16:54,84267876,5cec83971505c43b95f9e614aed97f61
to_watch_widgets,0,2019-01-26 07:53:33,2019-01-26 07:53:33,84267880,5cec83971505c43b95f9e614aed97f61
agenda_widgets,0,2018-10-14 23:06:18,2018-10-14 23:06:18,71481499,73074bb42dc0df472b916754324bae7e
build_brand,google,2018-10-14 23:06:18,2018-10-14 23:06:18,71481492,73074bb42dc0df472b916754324bae7e
build_manufacturer,Google,2018-10-14 23:06:18,2018-10-14 23:06:18,71481491,73074bb42dc0df472b916754324bae7e
build_model,Pixel XL,2018-10-14 23:06:18,2018-10-14 23:06:18,71481493,73074bb42dc0df472b916754324bae7e
launcher,com.google.android.apps.nexuslauncher,2018-10-14 23:06:18,2018-10-14 23:06:18,71481498,73074bb42dc0df472b916754324bae7e
model,Pixel XL,2018-10-14 23:06:18,2018-10-14 23:06:18,71481490,73074bb42dc0df472b916754324bae7e
os,android,2018-10-14 23:06:18,2018-10-14 23:06:18,71481494,73074bb42dc0df472b916754324bae7e
os_version,9,2018-10-14 23:06:18,2018-10-14 23:06:18,71481495,73074bb42dc0df472b916754324bae7e
play_services_status,0,2018-10-14 23:06:18,2018-10-14 23:06:18,71481497,73074bb42dc0df472b916754324bae7e
sdk,28,2018-10-14 23:06:18,2018-10-14 23:06:18,71481496,73074bb42dc0df472b916754324bae7e
to_watch_widgets,0,2018-10-14 23:06:18,2018-10-14 23:06:18,71481500,73074bb42dc0df472b916754324bae7e
agenda_widgets,0,2019-10-02 18:38:26,2019-10-02 18:38:26,111559414,83391a56699ec142253fe7750d3d8a53
build_brand,OnePlus,2019-10-02 18:38:26,2019-10-05 05:16:12,111559407,83391a56699ec142253fe7750d3d8a53
build_manufacturer,OnePlus,2019-10-02 18:38:26,2019-10-05 05:16:12,111559406,83391a56699ec142253fe7750d3d8a53
build_model,ONEPLUS A5010,2019-10-02 18:38:26,2019-10-05 05:16:12,111559408,83391a56699ec142253fe7750d3d8a53
launcher,net.oneplus.launcher,2019-10-02 18:38:26,2019-10-05 05:16:12,111559413,83391a56699ec142253fe7750d3d8a53
model,ONEPLUS A5010,2019-10-02 18:38:26,2019-10-05 05:16:12,111559405,83391a56699ec142253fe7750d3d8a53
os,android,2019-10-02 18:38:26,2019-10-02 18:38:26,111559409,83391a56699ec142253fe7750d3d8a53
os_version,9,2019-10-02 18:38:26,2019-10-02 18:38:26,111559410,83391a56699ec142253fe7750d3d8a53
play_services_status,0,2019-10-02 18:38:26,2019-10-02 18:38:26,111559412,83391a56699ec142253fe7750d3d8a53
sdk,28,2019-10-02 18:38:26,2019-10-02 18:38:26,111559411,83391a56699ec142253fe7750d3d8a53
to_watch_widgets,0,2019-10-02 18:38:26,2019-10-02 18:38:26,111559415,83391a56699ec142253fe7750d3d8a53
agenda_widgets,1,2019-10-11 15:07:54,2019-10-29 03:05:24,112508450,8a4cfac9fe010daeb43556dfe79ecadd
build_brand,Xiaomi,2019-10-11 15:07:54,2019-11-11 16:15:34,112508443,8a4cfac9fe010daeb43556dfe79ecadd
build_manufacturer,Xiaomi,2019-10-11 15:07:54,2019-11-11 16:15:34,112508442,8a4cfac9fe010daeb43556dfe79ecadd
build_model,Redmi Note 5,2019-10-11 15:07:54,2019-11-11 16:15:34,112508444,8a4cfac9fe010daeb43556dfe79ecadd
launcher,com.google.android.apps.nexuslauncher,2019-10-11 15:07:54,2019-11-11 16:15:34,112508449,8a4cfac9fe010daeb43556dfe79ecadd
model,Redmi Note 5,2019-10-11 15:07:54,2019-11-11 16:15:34,112508441,8a4cfac9fe010daeb43556dfe79ecadd
os,android,2019-10-11 15:07:54,2019-10-11 15:07:54,112508445,8a4cfac9fe010daeb43556dfe79ecadd
os_version,10,2019-10-11 15:07:54,2019-10-11 15:07:54,112508446,8a4cfac9fe010daeb43556dfe79ecadd
play_services_status,0,2019-10-11 15:07:54,2019-10-11 15:07:54,112508448,8a4cfac9fe010daeb43556dfe79ecadd
sdk,29,2019-10-11 15:07:54,2019-10-11 15:07:54,112508447,8a4cfac9fe010daeb43556dfe79ecadd
to_watch_widgets,1,2019-10-11 15:07:54,2019-10-29 03:05:24,112508451,8a4cfac9fe010daeb43556dfe79ecadd
agenda_widgets,0,2017-07-31 04:00:21,2017-07-31 04:00:21,16247729,9033d7d9fc68cda89dedb37e62867888
build_brand,samsung,2017-07-31 04:00:21,2017-07-31 04:00:21,16247722,9033d7d9fc68cda89dedb37e62867888
build_manufacturer,samsung,2017-07-31 04:00:21,2017-07-31 04:00:21,16247721,9033d7d9fc68cda89dedb37e62867888
build_model,GT-I9500,2017-07-31 04:00:21,2017-07-31 04:00:21,16247723,9033d7d9fc68cda89dedb37e62867888
launcher,ch.deletescape.lawnchair,2017-07-31 04:00:21,2017-08-12 23:07:45,16247728,9033d7d9fc68cda89dedb37e62867888
model,Galaxy S4,2017-07-31 04:00:21,2017-07-31 04:00:21,16247720,9033d7d9fc68cda89dedb37e62867888
os,android,2017-07-31 04:00:21,2017-07-31 04:00:21,16247724,9033d7d9fc68cda89dedb37e62867888
os_version,7.1.2,2017-07-31 04:00:21,2017-07-31 04:00:21,16247725,9033d7d9fc68cda89dedb37e62867888
play_services_status,0,2017-07-31 04:00:21,2017-07-31 04:00:21,16247727,9033d7d9fc68cda89dedb37e62867888
sdk,25,2017-07-31 04:00:21,2017-07-31 04:00:21,16247726,9033d7d9fc68cda89dedb37e62867888
to_watch_widgets,0,2017-07-31 04:00:21,2017-07-31 04:00:21,16247730,9033d7d9fc68cda89dedb37e62867888
agenda_widgets,1,2019-12-15 04:03:18,2019-12-31 02:39:01,120049790,91526b43e075e68a1f8e945178f49e14
build_brand,xiaomi,2019-12-15 04:03:18,2019-12-15 04:03:18,120049783,91526b43e075e68a1f8e945178f49e14
build_manufacturer,Xiaomi,2019-12-15 04:03:18,2019-12-15 04:03:18,120049782,91526b43e075e68a1f8e945178f49e14
build_model,Redmi Note 5,2019-12-15 04:03:18,2019-12-15 04:03:18,120049784,91526b43e075e68a1f8e945178f49e14
launcher,ginlemon.flowerfree,2019-12-15 04:03:18,2020-01-04 19:00:24,120049789,91526b43e075e68a1f8e945178f49e14
model,Redmi Note 5,2019-12-15 04:03:18,2019-12-15 04:03:18,120049781,91526b43e075e68a1f8e945178f49e14
os,android,2019-12-15 04:03:18,2019-12-15 04:03:18,120049785,91526b43e075e68a1f8e945178f49e14
os_version,9.0,2019-12-15 04:03:18,2019-12-15 04:03:18,120049786,91526b43e075e68a1f8e945178f49e14
play_services_status,0,2019-12-15 04:03:18,2019-12-15 04:03:18,120049788,91526b43e075e68a1f8e945178f49e14
sdk,28,2019-12-15 04:03:18,2019-12-15 04:03:18,120049787,91526b43e075e68a1f8e945178f49e14
to_watch_widgets,2,2019-12-15 04:03:18,2020-01-04 20:25:02,120049791,91526b43e075e68a1f8e945178f49e14
agenda_widgets,0,2018-10-31 03:41:15,2018-10-31 03:41:15,73640741,9a7a651a7e384d7eaadd77b028d5039f
build_brand,xiaomi,2018-10-31 03:41:15,2018-10-31 03:41:15,73640734,9a7a651a7e384d7eaadd77b028d5039f
build_manufacturer,Xiaomi,2018-10-31 03:41:15,2018-10-31 03:41:15,73640733,9a7a651a7e384d7eaadd77b028d5039f
build_model,Mi A1,2018-10-31 03:41:15,2018-11-16 02:05:33,73640735,9a7a651a7e384d7eaadd77b028d5039f
launcher,com.android.launcher3,2018-10-31 03:41:15,2018-11-16 02:05:33,73640740,9a7a651a7e384d7eaadd77b028d5039f
model,Mi A1,2018-10-31 03:41:15,2018-11-16 02:05:33,73640732,9a7a651a7e384d7eaadd77b028d5039f
os,android,2018-10-31 03:41:15,2018-10-31 03:41:15,73640736,9a7a651a7e384d7eaadd77b028d5039f
os_version,8.1.0,2018-10-31 03:41:15,2018-10-31 03:41:15,73640737,9a7a651a7e384d7eaadd77b028d5039f
play_services_status,0,2018-10-31 03:41:15,2018-10-31 03:41:15,73640739,9a7a651a7e384d7eaadd77b028d5039f
sdk,27,2018-10-31 03:41:15,2018-10-31 03:41:15,73640738,9a7a651a7e384d7eaadd77b028d5039f
to_watch_widgets,0,2018-10-31 03:41:15,2018-10-31 03:41:15,73640742,9a7a651a7e384d7eaadd77b028d5039f
agenda_widgets,0,2018-10-26 02:25:39,2018-10-26 02:25:39,72997313,9acf455b3ddd36df9ac520c993111dfa
build_brand,Xiaomi,2018-10-26 02:25:39,2018-10-26 02:25:39,72997306,9acf455b3ddd36df9ac520c993111dfa
build_manufacturer,Xiaomi,2018-10-26 02:25:39,2018-10-26 02:25:39,72997305,9acf455b3ddd36df9ac520c993111dfa
build_model,Mi A1,2018-10-26 02:25:39,2018-10-26 02:25:39,72997307,9acf455b3ddd36df9ac520c993111dfa
launcher,com.google.android.apps.nexuslauncher,2018-10-26 02:25:39,2018-10-26 02:25:39,72997312,9acf455b3ddd36df9ac520c993111dfa
model,Mi A1,2018-10-26 02:25:39,2018-10-26 02:25:39,72997304,9acf455b3ddd36df9ac520c993111dfa
os,android,2018-10-26 02:25:39,2018-10-26 02:25:39,72997308,9acf455b3ddd36df9ac520c993111dfa
os_version,9,2018-10-26 02:25:39,2018-10-26 02:25:39,72997309,9acf455b3ddd36df9ac520c993111dfa
play_services_status,0,2018-10-26 02:25:39,2018-10-26 02:25:39,72997311,9acf455b3ddd36df9ac520c993111dfa
sdk,28,2018-10-26 02:25:39,2018-10-26 02:25:39,72997310,9acf455b3ddd36df9ac520c993111dfa
to_watch_widgets,0,2018-10-26 02:25:39,2018-10-26 02:25:39,72997314,9acf455b3ddd36df9ac520c993111dfa
agenda_widgets,0,2018-02-03 23:53:07,2018-02-03 23:53:07,41649647,a373d71f499cfc70f91ecec5666a744a
build_brand,xiaomi,2018-02-03 23:53:06,2018-02-03 23:53:06,41649640,a373d71f499cfc70f91ecec5666a744a
build_manufacturer,Xiaomi,2018-02-03 23:53:06,2018-02-03 23:53:06,41649639,a373d71f499cfc70f91ecec5666a744a
build_model,Mi A1,2018-02-03 23:53:06,2018-02-03 23:53:06,41649641,a373d71f499cfc70f91ecec5666a744a
launcher,com.android.launcher3,2018-02-03 23:53:07,2018-02-03 23:53:07,41649646,a373d71f499cfc70f91ecec5666a744a
model,Mi A1,2018-02-03 23:53:06,2018-02-03 23:53:06,41649638,a373d71f499cfc70f91ecec5666a744a
os,android,2018-02-03 23:53:07,2018-02-03 23:53:07,41649642,a373d71f499cfc70f91ecec5666a744a
os_version,7.1.2,2018-02-03 23:53:07,2018-02-03 23:53:07,41649643,a373d71f499cfc70f91ecec5666a744a
play_services_status,0,2018-02-03 23:53:07,2018-02-03 23:53:07,41649645,a373d71f499cfc70f91ecec5666a744a
sdk,25,2018-02-03 23:53:07,2018-02-03 23:53:07,41649644,a373d71f499cfc70f91ecec5666a744a
to_watch_widgets,0,2018-02-03 23:53:07,2018-02-03 23:53:07,41649648,a373d71f499cfc70f91ecec5666a744a
agenda_widgets,0,2017-07-11 22:00:57,2017-07-12 19:15:10,13932814,ac65dd0c505f3c43bfb8f956d25621aa
build_brand,samsung,2017-07-11 22:00:57,2017-07-11 22:00:57,13932807,ac65dd0c505f3c43bfb8f956d25621aa
build_manufacturer,samsung,2017-07-11 22:00:57,2017-07-11 22:00:57,13932806,ac65dd0c505f3c43bfb8f956d25621aa
build_model,GT-I9500,2017-07-11 22:00:57,2017-07-11 22:00:57,13932808,ac65dd0c505f3c43bfb8f956d25621aa
launcher,com.teslacoilsw.launcher,2017-07-11 22:00:57,2017-07-11 22:00:57,13932813,ac65dd0c505f3c43bfb8f956d25621aa
model,Galaxy S4,2017-07-11 22:00:57,2017-07-11 22:00:57,13932805,ac65dd0c505f3c43bfb8f956d25621aa
os,android,2017-07-11 22:00:57,2017-07-11 22:00:57,13932809,ac65dd0c505f3c43bfb8f956d25621aa
os_version,5.0.1,2017-07-11 22:00:57,2017-07-11 22:00:57,13932810,ac65dd0c505f3c43bfb8f956d25621aa
play_services_status,0,2017-07-11 22:00:57,2017-07-11 22:00:57,13932812,ac65dd0c505f3c43bfb8f956d25621aa
sdk,21,2017-07-11 22:00:57,2017-07-11 22:00:57,13932811,ac65dd0c505f3c43bfb8f956d25621aa
to_watch_widgets,0,2017-07-11 22:00:57,2017-07-11 22:00:57,13932815,ac65dd0c505f3c43bfb8f956d25621aa
agenda_widgets,0,2022-05-20 23:55:07,2022-05-20 23:55:07,225113664,afd3940c2eb695d5cf2e7d6c6c037748
build_brand,motorola,2022-05-20 23:55:07,2022-05-20 23:55:07,225113657,afd3940c2eb695d5cf2e7d6c6c037748
build_manufacturer,motorola,2022-05-20 23:55:07,2022-05-20 23:55:07,225113656,afd3940c2eb695d5cf2e7d6c6c037748
build_model,moto g41,2022-05-20 23:55:07,2022-05-20 23:55:07,225113658,afd3940c2eb695d5cf2e7d6c6c037748
launcher,com.motorola.launcher3,2022-05-20 23:55:07,2022-08-09 22:03:08,225113663,afd3940c2eb695d5cf2e7d6c6c037748
model,corfu,2022-05-20 23:55:07,2022-05-20 23:55:07,225113655,afd3940c2eb695d5cf2e7d6c6c037748
os,android,2022-05-20 23:55:07,2022-05-20 23:55:07,225113659,afd3940c2eb695d5cf2e7d6c6c037748
os_version,12,2022-05-20 23:55:07,2023-03-10 23:09:03,225113660,afd3940c2eb695d5cf2e7d6c6c037748
play_services_status,0,2022-05-20 23:55:07,2022-05-20 23:55:07,225113662,afd3940c2eb695d5cf2e7d6c6c037748
sdk,31,2022-05-20 23:55:07,2023-03-10 23:09:03,225113661,afd3940c2eb695d5cf2e7d6c6c037748
to_watch_widgets,0,2022-05-20 23:55:07,2022-06-18 06:13:03,225113665,afd3940c2eb695d5cf2e7d6c6c037748
agenda_widgets,0,2018-02-04 00:17:07,2018-07-13 08:07:24,41652174,d3b66736d4602b4428fc4aad7bc8dd24
build_brand,google,2018-02-04 00:17:07,2018-09-18 16:33:54,41652167,d3b66736d4602b4428fc4aad7bc8dd24
build_manufacturer,Google,2018-02-04 00:17:07,2018-09-18 16:33:54,41652166,d3b66736d4602b4428fc4aad7bc8dd24
build_model,Pixel XL,2018-02-04 00:17:07,2018-09-18 16:33:54,41652168,d3b66736d4602b4428fc4aad7bc8dd24
launcher,com.google.android.apps.nexuslauncher,2018-02-04 00:17:07,2018-09-01 14:21:43,41652173,d3b66736d4602b4428fc4aad7bc8dd24
model,Pixel XL,2018-02-04 00:17:07,2018-09-18 16:33:54,41652165,d3b66736d4602b4428fc4aad7bc8dd24
os,android,2018-02-04 00:17:07,2018-02-04 00:17:07,41652169,d3b66736d4602b4428fc4aad7bc8dd24
os_version,9,2018-02-04 00:17:07,2018-09-01 14:21:43,41652170,d3b66736d4602b4428fc4aad7bc8dd24
play_services_status,0,2018-02-04 00:17:07,2018-02-04 00:17:07,41652172,d3b66736d4602b4428fc4aad7bc8dd24
sdk,28,2018-02-04 00:17:07,2018-09-01 14:21:43,41652171,d3b66736d4602b4428fc4aad7bc8dd24
to_watch_widgets,0,2018-02-04 00:17:07,2018-08-08 03:47:50,41652175,d3b66736d4602b4428fc4aad7bc8dd24
agenda_widgets,0,2019-11-11 06:07:07,2019-11-11 06:07:07,115696958,d943932ed5725877f805862d536da832
build_brand,Google,2019-11-11 06:07:07,2019-11-11 06:07:07,115696951,d943932ed5725877f805862d536da832
build_manufacturer,Google,2019-11-11 06:07:07,2019-11-11 06:07:07,115696950,d943932ed5725877f805862d536da832
build_model,Pixel 3 XL,2019-11-11 06:07:07,2019-11-11 06:07:07,115696952,d943932ed5725877f805862d536da832
launcher,com.google.android.apps.nexuslauncher,2019-11-11 06:07:07,2019-11-11 06:07:07,115696957,d943932ed5725877f805862d536da832
model,Pixel 3 XL,2019-11-11 06:07:07,2019-11-11 06:07:07,115696949,d943932ed5725877f805862d536da832
os,android,2019-11-11 06:07:07,2019-11-11 06:07:07,115696953,d943932ed5725877f805862d536da832
os_version,10,2019-11-11 06:07:07,2019-11-11 06:07:07,115696954,d943932ed5725877f805862d536da832
play_services_status,0,2019-11-11 06:07:07,2019-11-11 06:07:07,115696956,d943932ed5725877f805862d536da832
sdk,29,2019-11-11 06:07:07,2019-11-11 06:07:07,115696955,d943932ed5725877f805862d536da832
to_watch_widgets,0,2019-11-11 06:07:07,2019-11-11 06:07:07,115696959,d943932ed5725877f805862d536da832
agenda_widgets,0,2019-10-04 23:44:31,2019-10-04 23:44:31,111805782,da4eb66d1f440dca9dab480c21ba52a0
build_brand,OnePlus,2019-10-04 23:44:31,2019-10-04 23:44:31,111805775,da4eb66d1f440dca9dab480c21ba52a0
build_manufacturer,OnePlus,2019-10-04 23:44:31,2019-10-04 23:44:31,111805774,da4eb66d1f440dca9dab480c21ba52a0
build_model,GM1905,2019-10-04 23:44:31,2019-10-04 23:44:31,111805776,da4eb66d1f440dca9dab480c21ba52a0
launcher,net.oneplus.launcher,2019-10-04 23:44:31,2019-10-04 23:44:31,111805781,da4eb66d1f440dca9dab480c21ba52a0
model,OnePlus 7,2019-10-04 23:44:31,2019-10-04 23:44:31,111805773,da4eb66d1f440dca9dab480c21ba52a0
os,android,2019-10-04 23:44:31,2019-10-04 23:44:31,111805777,da4eb66d1f440dca9dab480c21ba52a0
os_version,9,2019-10-04 23:44:31,2019-10-04 23:44:31,111805778,da4eb66d1f440dca9dab480c21ba52a0
play_services_status,0,2019-10-04 23:44:31,2019-10-04 23:44:31,111805780,da4eb66d1f440dca9dab480c21ba52a0
sdk,28,2019-10-04 23:44:31,2019-10-04 23:44:31,111805779,da4eb66d1f440dca9dab480c21ba52a0
to_watch_widgets,0,2019-10-04 23:44:31,2019-10-04 23:44:31,111805783,da4eb66d1f440dca9dab480c21ba52a0
agenda_widgets,0,2017-07-20 18:28:47,2017-07-20 18:28:47,14956873,dff60c3ff097193d1b4410ae0129d3a2
build_brand,samsung,2017-07-20 18:28:47,2017-07-20 18:28:47,14956866,dff60c3ff097193d1b4410ae0129d3a2
build_manufacturer,samsung,2017-07-20 18:28:47,2017-07-20 18:28:47,14956865,dff60c3ff097193d1b4410ae0129d3a2
build_model,GT-I9500,2017-07-20 18:28:47,2017-07-20 18:28:47,14956867,dff60c3ff097193d1b4410ae0129d3a2
launcher,com.teslacoilsw.launcher,2017-07-20 18:28:47,2017-07-20 18:28:47,14956872,dff60c3ff097193d1b4410ae0129d3a2
model,Galaxy S4,2017-07-20 18:28:47,2017-07-20 18:28:47,14956864,dff60c3ff097193d1b4410ae0129d3a2
os,android,2017-07-20 18:28:47,2017-07-20 18:28:47,14956868,dff60c3ff097193d1b4410ae0129d3a2
os_version,7.1.2,2017-07-20 18:28:47,2017-07-20 18:28:47,14956869,dff60c3ff097193d1b4410ae0129d3a2
play_services_status,0,2017-07-20 18:28:47,2017-07-20 18:28:47,14956871,dff60c3ff097193d1b4410ae0129d3a2
sdk,25,2017-07-20 18:28:47,2017-07-20 18:28:47,14956870,dff60c3ff097193d1b4410ae0129d3a2
to_watch_widgets,0,2017-07-20 18:28:47,2017-07-20 18:28:47,14956874,dff60c3ff097193d1b4410ae0129d3a2
agenda_widgets,0,2022-09-22 04:37:25,2022-09-22 04:37:25,249158508,e18c6c48848670f16d54ab3a0f87878d
build_brand,Xiaomi,2022-09-22 04:37:25,2022-09-22 04:37:25,249158501,e18c6c48848670f16d54ab3a0f87878d
build_manufacturer,Xiaomi,2022-09-22 04:37:25,2022-09-22 04:37:25,249158500,e18c6c48848670f16d54ab3a0f87878d
build_model,Mi A1,2022-09-22 04:37:25,2022-09-22 04:37:25,249158502,e18c6c48848670f16d54ab3a0f87878d
launcher,app.lawnchair,2022-09-22 04:37:25,2022-09-22 04:37:25,249158507,e18c6c48848670f16d54ab3a0f87878d
model,Mi A1,2022-09-22 04:37:25,2022-09-22 04:37:25,249158499,e18c6c48848670f16d54ab3a0f87878d
os,android,2022-09-22 04:37:25,2022-09-22 04:37:25,249158503,e18c6c48848670f16d54ab3a0f87878d
os_version,12,2022-09-22 04:37:25,2022-09-22 04:37:25,249158504,e18c6c48848670f16d54ab3a0f87878d
play_services_status,0,2022-09-22 04:37:25,2022-09-22 04:37:25,249158506,e18c6c48848670f16d54ab3a0f87878d
sdk,32,2022-09-22 04:37:25,2022-09-22 04:37:25,249158505,e18c6c48848670f16d54ab3a0f87878d
to_watch_widgets,0,2022-09-22 04:37:25,2022-09-22 04:37:25,249158509,e18c6c48848670f16d54ab3a0f87878d
agenda_widgets,0,2019-01-11 03:58:28,2019-01-11 03:58:28,82384905,e5f1e887788f7c6c3d7e803db4db17a5
build_brand,Xiaomi,2019-01-11 03:58:28,2019-01-11 03:58:28,82384898,e5f1e887788f7c6c3d7e803db4db17a5
build_manufacturer,Xiaomi,2019-01-11 03:58:28,2019-01-11 03:58:28,82384897,e5f1e887788f7c6c3d7e803db4db17a5
build_model,Mi A1,2019-01-11 03:58:28,2019-01-11 03:58:28,82384899,e5f1e887788f7c6c3d7e803db4db17a5
launcher,com.google.android.apps.nexuslauncher,2019-01-11 03:58:28,2019-01-11 03:58:28,82384904,e5f1e887788f7c6c3d7e803db4db17a5
model,Mi A1,2019-01-11 03:58:28,2019-01-11 03:58:28,82384896,e5f1e887788f7c6c3d7e803db4db17a5
os,android,2019-01-11 03:58:28,2019-01-11 03:58:28,82384900,e5f1e887788f7c6c3d7e803db4db17a5
os_version,9,2019-01-11 03:58:28,2019-01-11 03:58:28,82384901,e5f1e887788f7c6c3d7e803db4db17a5
play_services_status,0,2019-01-11 03:58:28,2019-01-11 03:58:28,82384903,e5f1e887788f7c6c3d7e803db4db17a5
sdk,28,2019-01-11 03:58:28,2019-01-11 03:58:28,82384902,e5f1e887788f7c6c3d7e803db4db17a5
to_watch_widgets,0,2019-01-11 03:58:28,2019-01-11 03:58:28,82384906,e5f1e887788f7c6c3d7e803db4db17a5
agenda_widgets,0,2019-09-26 19:37:35,2019-09-26 19:37:35,110938786,e74a46ead86e4ab64bada9f6e3fe1dc3
build_brand,Xiaomi,2019-09-26 19:37:35,2019-09-26 19:37:35,110938779,e74a46ead86e4ab64bada9f6e3fe1dc3
build_manufacturer,Xiaomi,2019-09-26 19:37:35,2019-09-26 19:37:35,110938778,e74a46ead86e4ab64bada9f6e3fe1dc3
build_model,Redmi Note 5,2019-09-26 19:37:35,2019-09-26 19:37:35,110938780,e74a46ead86e4ab64bada9f6e3fe1dc3
launcher,com.google.android.apps.nexuslauncher,2019-09-26 19:37:35,2019-09-26 19:37:35,110938785,e74a46ead86e4ab64bada9f6e3fe1dc3
model,Redmi Note 5,2019-09-26 19:37:35,2019-09-26 19:37:35,110938777,e74a46ead86e4ab64bada9f6e3fe1dc3
os,android,2019-09-26 19:37:35,2019-09-26 19:37:35,110938781,e74a46ead86e4ab64bada9f6e3fe1dc3
os_version,10,2019-09-26 19:37:35,2019-09-26 19:37:35,110938782,e74a46ead86e4ab64bada9f6e3fe1dc3
play_services_status,0,2019-09-26 19:37:35,2019-09-26 19:37:35,110938784,e74a46ead86e4ab64bada9f6e3fe1dc3
sdk,29,2019-09-26 19:37:35,2019-09-26 19:37:35,110938783,e74a46ead86e4ab64bada9f6e3fe1dc3
to_watch_widgets,0,2019-09-26 19:37:35,2019-09-26 19:37:35,110938787,e74a46ead86e4ab64bada9f6e3fe1dc3
agenda_widgets,1,2019-11-04 21:31:07,2019-11-30 03:42:28,115011402,ee1e37cc0d045bbae0a385570d58a390
build_brand,Google,2019-11-04 21:31:07,2019-12-12 00:13:31,115011395,ee1e37cc0d045bbae0a385570d58a390
build_manufacturer,Google,2019-11-04 21:31:07,2019-12-12 00:13:31,115011394,ee1e37cc0d045bbae0a385570d58a390
build_model,Pixel 3 XL,2019-11-04 21:31:07,2019-12-12 00:13:31,115011396,ee1e37cc0d045bbae0a385570d58a390
launcher,ch.deletescape.lawnchair.ci,2019-11-04 21:31:07,2019-11-30 03:42:28,115011401,ee1e37cc0d045bbae0a385570d58a390
model,Pixel 3 XL,2019-11-04 21:31:07,2019-12-12 00:13:31,115011393,ee1e37cc0d045bbae0a385570d58a390
os,android,2019-11-04 21:31:07,2019-11-04 21:31:07,115011397,ee1e37cc0d045bbae0a385570d58a390
os_version,10,2019-11-04 21:31:07,2019-12-10 03:55:09,115011398,ee1e37cc0d045bbae0a385570d58a390
play_services_status,0,2019-11-04 21:31:07,2019-11-04 21:31:07,115011400,ee1e37cc0d045bbae0a385570d58a390
sdk,29,2019-11-04 21:31:07,2019-12-10 03:55:09,115011399,ee1e37cc0d045bbae0a385570d58a390
to_watch_widgets,1,2019-11-04 21:31:07,2019-12-10 04:11:23,115011403,ee1e37cc0d045bbae0a385570d58a390
agenda_widgets,0,2017-11-28 20:59:07,2017-11-28 20:59:07,31920537,fa993f07b0f469674a55d68b5f50d917
build_brand,samsung,2017-11-28 20:59:07,2017-11-28 20:59:07,31920530,fa993f07b0f469674a55d68b5f50d917
build_manufacturer,samsung,2017-11-28 20:59:07,2017-11-28 20:59:07,31920529,fa993f07b0f469674a55d68b5f50d917
build_model,GT-I9500,2017-11-28 20:59:07,2017-11-28 20:59:07,31920531,fa993f07b0f469674a55d68b5f50d917
launcher,is.shortcut,2017-11-28 20:59:07,2017-12-26 00:35:41,31920536,fa993f07b0f469674a55d68b5f50d917
model,Galaxy S4,2017-11-28 20:59:07,2017-11-28 20:59:07,31920528,fa993f07b0f469674a55d68b5f50d917
os,android,2017-11-28 20:59:07,2017-11-28 20:59:07,31920532,fa993f07b0f469674a55d68b5f50d917
os_version,5.0.1,2017-11-28 20:59:07,2017-11-28 20:59:07,31920533,fa993f07b0f469674a55d68b5f50d917
play_services_status,0,2017-11-28 20:59:07,2017-11-28 20:59:07,31920535,fa993f07b0f469674a55d68b5f50d917
sdk,21,2017-11-28 20:59:07,2017-11-28 20:59:07,31920534,fa993f07b0f469674a55d68b5f50d917
to_watch_widgets,0,2017-11-28 20:59:07,2017-11-28 20:59:07,31920538,fa993f07b0f469674a55d68b5f50d917
