user_id,episode_id,uuid,vote_key,series_name,season_number,episode_number
13991889,0,474257f3-9239-4375-b645-a8bc2aebc6cb,474257f3-9239-4375-b645-a8bc2aebc6cb-13991889-18,,,
13991889,155935,53a4f520-94d7-43e5-8dd3-facca053713e,155935-13991889-13,Avatar: The Last Airbender,1,1
13991889,155936,5a0064be-88bb-4eef-8121-cd0bdabd63df,155936-13991889-13,Avatar: The Last Airbender,1,2
13991889,155937,8dc984bc-01af-451d-b29e-137b222d12de,155937-13991889-15,Avatar: The Last Airbender,1,3
13991889,155947,f09315ee-0f51-4afe-b794-e30e7e498e97,155947-13991889-13,Avatar: The Last Airbender,1,14
13991889,295483,66d324cd-2965-419d-8410-712fe6b23bf3,295483-13991889-15,Avatar: The Last Airbender,1,17
13991889,295483,66d324cd-2965-419d-8410-712fe6b23bf3,295483-13991889-27,Avatar: The Last Airbender,1,17
13991889,296054,f50192a7-2d2f-4cca-8614-a465701ea5da,296054-13991889-13,Drawn Together,1,1
13991889,300635,5ef78115-25b4-4271-ba8d-0810221e6a5a,300635-13991889-13,Avatar: The Last Airbender,1,15
13991889,301700,60355b41-f181-45b0-a084-d376bfbdd5c5,301700-13991889-13,Avatar: The Last Airbender,1,16
13991889,301701,d15819bd-ba0b-48b6-9929-bbc2f57bad3d,301701-13991889-19,Avatar: The Last Airbender,1,18
13991889,301702,cbcc35da-d8df-4176-b36b-879cdf26cd32,301702-13991889-18,Avatar: The Last Airbender,1,19
13991889,301702,cbcc35da-d8df-4176-b36b-879cdf26cd32,301702-13991889-19,Avatar: The Last Airbender,1,19
13991889,301703,471fe112-bd88-4586-8622-aedbc4e637f8,301703-13991889-19,Avatar: The Last Airbender,1,20
13991889,4123350,f3e851a1-7054-4f2c-b38e-cd2959225418,4123350-13991889-38,Breaking Bad,4,4
13991889,4123351,eea2ad60-796a-4d0c-a837-9380bee4fcf3,4123351-13991889-38,Breaking Bad,4,5
13991889,4123351,eea2ad60-796a-4d0c-a837-9380bee4fcf3,4123351-13991889-14,Breaking Bad,4,5
13991889,4921347,e9a432f5-c7b3-40a5-bb0d-c96c503e415b,4921347-13991889-19,Akame ga Kill!,1,15
13991889,4921348,ec4db361-232b-46d1-bf6f-32c1a1fb16c7,4921348-13991889-18,Akame ga Kill!,1,16
13991889,4921349,43f2be08-5475-4968-82c3-6220f7af3b09,4921349-13991889-29,Akame ga Kill!,1,17
13991889,4921349,43f2be08-5475-4968-82c3-6220f7af3b09,4921349-13991889-27,Akame ga Kill!,1,17
13991889,4921349,43f2be08-5475-4968-82c3-6220f7af3b09,4921349-13991889-18,Akame ga Kill!,1,17
13991889,4921349,43f2be08-5475-4968-82c3-6220f7af3b09,4921349-13991889-28,Akame ga Kill!,1,17
13991889,4921349,43f2be08-5475-4968-82c3-6220f7af3b09,4921349-13991889-30,Akame ga Kill!,1,17
13991889,4921349,43f2be08-5475-4968-82c3-6220f7af3b09,4921349-13991889-15,Akame ga Kill!,1,17
13991889,4942078,86e4f05e-4648-469c-9d19-0f10b1c4fe58,4942078-13991889-19,The Seven Deadly Sins,1,1
13991889,4942078,86e4f05e-4648-469c-9d19-0f10b1c4fe58,4942078-13991889-18,The Seven Deadly Sins,1,1
13991889,4942078,86e4f05e-4648-469c-9d19-0f10b1c4fe58,4942078-13991889-28,The Seven Deadly Sins,1,1
13991889,5560087,7afba4d2-6a61-4610-93ef-088671fce8bd,5560087-13991889-24,iZombie,2,19
13991889,5682080,9df1a09d-9bcc-4b5b-93cd-77a935a29539,5682080-13991889-28,Travelers (2016),1,1
13991889,5700822,170d8965-618c-4054-a2f3-6b39241a3ea2,5700822-13991889-24,iZombie,3,2
13991889,5700822,170d8965-618c-4054-a2f3-6b39241a3ea2,5700822-13991889-28,iZombie,3,2
13991889,5763872,cb48ca72-43d1-4bdb-aa80-56dd7f04a43a,5763872-13991889-13,iZombie,3,3
13991889,5763873,e26a9c5c-4c7b-4f70-ab56-815915804cd7,5763873-13991889-24,iZombie,3,4
13991889,5763874,da4b655a-e4de-48d8-9b0c-5c168e86c50e,5763874-13991889-15,iZombie,3,5
13991889,6304546,31ca2e0f-9833-4530-85c3-43823e9ab910,6304546-13991889-28,The Alienist,1,1
13991889,6304546,31ca2e0f-9833-4530-85c3-43823e9ab910,6304546-13991889-18,The Alienist,1,1
13991889,6379885,e6b23f8b-6447-41fc-9487-2906a5ff3683,6379885-13991889-18,The End of the F***ing World,1,8
13991889,6412771,5d185373-efc7-48a4-9de5-e268222272dd,6412771-13991889-28,Good Girls,1,1
13991889,6538304,c44b8ea1-0101-4546-9074-44cb9b38d813,6538304-13991889-28,The 100,5,13
13991889,6547749,05d34773-ca7d-4b49-8dd3-0953987eaf43,6547749-13991889-18,Star vs. the Forces of Evil,3,36
13991889,6547749,05d34773-ca7d-4b49-8dd3-0953987eaf43,6547749-13991889-28,Star vs. the Forces of Evil,3,36
13991889,6547760,58fabede-66e2-42c8-a901-5a05a46e5e7d,6547760-13991889-19,Star vs. the Forces of Evil,3,37
13991889,6547773,3eaf3910-46bd-4d81-b7e5-25544c10cb20,6547773-13991889-38,Star vs. the Forces of Evil,3,38
13991889,6547773,3eaf3910-46bd-4d81-b7e5-25544c10cb20,6547773-13991889-14,Star vs. the Forces of Evil,3,38
13991889,6601824,9fd9f980-4b58-4e14-904a-9c804e459220,6601824-13991889-28,Titans (2018),1,1
13991889,6601824,9fd9f980-4b58-4e14-904a-9c804e459220,6601824-13991889-38,Titans (2018),1,1
13991889,6606162,30163874-e08e-4f97-a2f6-c686fe1ccf4e,6606162-13991889-18,Star vs. the Forces of Evil,4,1
13991889,6619954,5f415a1a-8451-468e-a9e6-66df61fb8660,6619954-13991889-13,iZombie,4,13
13991889,6619954,5f415a1a-8451-468e-a9e6-66df61fb8660,6619954-13991889-18,iZombie,4,13
13991889,6792119,ae151e44-f337-4a02-9ac7-d52f11617600,6792119-13991889-38,The 100,6,2
13991889,6792119,ae151e44-f337-4a02-9ac7-d52f11617600,6792119-13991889-21,The 100,6,2
13991889,6814864,9a2f6869-fd60-4fd1-a7fc-bfc5101dce10,6814864-13991889-38,iZombie,5,1
13991889,6814864,9a2f6869-fd60-4fd1-a7fc-bfc5101dce10,6814864-13991889-14,iZombie,5,1
13991889,6814866,8a9d0631-2b34-47c6-acdb-3cb601282d00,6814866-13991889-13,iZombie,5,2
13991889,6814868,9aef09b2-00a6-41f3-bdb3-4d34dc236e20,6814868-13991889-13,iZombie,5,3
13991889,7044955,9149c58a-c7d4-4cac-9fef-58214ee99ce0,7044955-13991889-29,Star vs. the Forces of Evil,4,8
13991889,7044955,9149c58a-c7d4-4cac-9fef-58214ee99ce0,7044955-13991889-27,Star vs. the Forces of Evil,4,8
13991889,7044957,220623d6-149b-4a94-bf2c-e9b298f5fdd4,7044957-13991889-18,Star vs. the Forces of Evil,4,9
13991889,7044957,220623d6-149b-4a94-bf2c-e9b298f5fdd4,7044957-13991889-28,Star vs. the Forces of Evil,4,9
13991889,7044961,a4d75d5c-8a70-4ec9-9738-f03ef64080a0,7044961-13991889-13,Star vs. the Forces of Evil,4,10
13991889,7044964,9db729ae-fb02-4345-b9c8-8f346ee203ee,7044964-13991889-14,Star vs. the Forces of Evil,4,12
13991889,7044966,8451e7c5-6d9b-4c78-8fb7-68e7cd01120b,7044966-13991889-30,Star vs. the Forces of Evil,4,13
13991889,7044966,8451e7c5-6d9b-4c78-8fb7-68e7cd01120b,7044966-13991889-15,Star vs. the Forces of Evil,4,13
13991889,7061640,893a25c0-819d-46a3-8503-cacca4c91510,7061640-13991889-24,Happy!,2,10
13991889,7085504,c4d25c16-793e-451f-980d-593ac73d7538,7085504-13991889-28,The Flash (2014),5,17
13991889,7113115,207187dd-c443-4aac-98b0-03585f84d142,7113115-13991889-14,Star vs. the Forces of Evil,4,14
13991889,7113115,207187dd-c443-4aac-98b0-03585f84d142,7113115-13991889-20,Star vs. the Forces of Evil,4,14
13991889,7113128,5c8da1a2-4e26-4924-97ed-81ced9e85e9c,7113128-13991889-19,Star vs. the Forces of Evil,4,21
13991889,7113166,76b3122a-e0f1-4479-a0cb-c49c5d01a16d,7113166-13991889-18,Star vs. the Forces of Evil,4,27
13991889,7113166,76b3122a-e0f1-4479-a0cb-c49c5d01a16d,7113166-13991889-14,Star vs. the Forces of Evil,4,27
13991889,7113166,76b3122a-e0f1-4479-a0cb-c49c5d01a16d,7113166-13991889-38,Star vs. the Forces of Evil,4,27
13991889,7113166,76b3122a-e0f1-4479-a0cb-c49c5d01a16d,7113166-13991889-28,Star vs. the Forces of Evil,4,27
13991889,7113171,7e458fe3-7f23-4a0d-8a13-4e65f9b63316,7113171-13991889-18,Star vs. the Forces of Evil,4,28
13991889,7118396,3e2fa7d0-43b2-473e-af84-b5c57fec16b1,7118396-13991889-14,Star vs. the Forces of Evil,4,31
13991889,7118396,3e2fa7d0-43b2-473e-af84-b5c57fec16b1,7118396-13991889-13,Star vs. the Forces of Evil,4,31
13991889,7118398,4534b95d-6ba1-4000-b616-2a58dbcecc26,7118398-13991889-14,Star vs. the Forces of Evil,4,32
13991889,7118398,4534b95d-6ba1-4000-b616-2a58dbcecc26,7118398-13991889-13,Star vs. the Forces of Evil,4,32
13991889,7118400,396cce5b-323d-4166-a11b-d9d0cf9e0ef2,7118400-13991889-28,Star vs. the Forces of Evil,4,33
13991889,7118400,396cce5b-323d-4166-a11b-d9d0cf9e0ef2,7118400-13991889-18,Star vs. the Forces of Evil,4,33
13991889,7118400,396cce5b-323d-4166-a11b-d9d0cf9e0ef2,7118400-13991889-13,Star vs. the Forces of Evil,4,33
13991889,7118401,fe3a6bda-fb28-46da-a681-2d8ba4065433,7118401-13991889-28,Star vs. the Forces of Evil,4,34
13991889,7118401,fe3a6bda-fb28-46da-a681-2d8ba4065433,7118401-13991889-18,Star vs. the Forces of Evil,4,34
13991889,7118401,fe3a6bda-fb28-46da-a681-2d8ba4065433,7118401-13991889-13,Star vs. the Forces of Evil,4,34
13991889,7118402,5485b037-8a9b-401b-a3cf-37f911cdf4d7,7118402-13991889-18,Star vs. the Forces of Evil,4,35
13991889,7118403,57832625-abef-46d5-a9c6-f648f11a05c7,7118403-13991889-14,Star vs. the Forces of Evil,4,36
13991889,7118403,57832625-abef-46d5-a9c6-f648f11a05c7,7118403-13991889-18,Star vs. the Forces of Evil,4,36
13991889,7118404,3e422f1b-058d-4d45-80dc-c89eaa6e7f37,7118404-13991889-38,Star vs. the Forces of Evil,4,37
13991889,7118404,3e422f1b-058d-4d45-80dc-c89eaa6e7f37,7118404-13991889-18,Star vs. the Forces of Evil,4,37
13991889,7118404,3e422f1b-058d-4d45-80dc-c89eaa6e7f37,7118404-13991889-28,Star vs. the Forces of Evil,4,37
13991889,7118404,3e422f1b-058d-4d45-80dc-c89eaa6e7f37,7118404-13991889-14,Star vs. the Forces of Evil,4,37
13991889,7118404,3e422f1b-058d-4d45-80dc-c89eaa6e7f37,7118404-13991889-13,Star vs. the Forces of Evil,4,37
13991889,7152841,cdfb154d-f045-4892-87df-13bee89d230b,7152841-13991889-24,Young Sheldon,2,21
13991889,7159480,6af6a3a2-35a8-4be4-bfea-7148cfb30b0b,7159480-13991889-30,The Flash (2014),5,22
13991889,7159487,b636a9ab-76fc-4375-8d39-639db319db84,7159487-13991889-28,The 100,6,3
13991889,7171864,00cfb14c-2121-4714-aa24-7a8a5cd22d72,7171864-13991889-14,The Rook,1,1
13991889,7171864,00cfb14c-2121-4714-aa24-7a8a5cd22d72,7171864-13991889-18,The Rook,1,1
13991889,7179417,077799c3-6fba-4b1f-b0fc-51046370ee43,7179417-13991889-28,The 100,6,5
13991889,7187608,40d623f2-869b-4cce-8d2f-12c6f79a0c3e,7187608-13991889-13,iZombie,5,4
13991889,7187610,71281547-87cc-4a82-917a-08937a668cd7,7187610-13991889-13,iZombie,5,5
13991889,7201770,041fa894-1a97-4217-a1e6-37390b704828,7201770-13991889-18,The Rook,1,2
13991889,7201770,041fa894-1a97-4217-a1e6-37390b704828,7201770-13991889-28,The Rook,1,2
13991889,7201770,041fa894-1a97-4217-a1e6-37390b704828,7201770-13991889-14,The Rook,1,2
13991889,7201770,041fa894-1a97-4217-a1e6-37390b704828,7201770-13991889-38,The Rook,1,2
13991889,7201771,8dfeb23c-c057-42b2-adaa-b18d484827de,7201771-13991889-38,The Rook,1,3
13991889,7201771,8dfeb23c-c057-42b2-adaa-b18d484827de,7201771-13991889-28,The Rook,1,3
13991889,7201772,1def008f-58be-40b9-bdee-a5a6cf54b126,7201772-13991889-13,The Rook,1,4
13991889,7201772,1def008f-58be-40b9-bdee-a5a6cf54b126,7201772-13991889-14,The Rook,1,4
13991889,7201772,1def008f-58be-40b9-bdee-a5a6cf54b126,7201772-13991889-18,The Rook,1,4
13991889,7209811,0ba6fb4c-09f4-4c5a-be33-349fb5d7791b,7209811-13991889-30,The 100,6,6
13991889,7213812,0f334533-bbd9-4218-938d-6db46d0c9d0e,7213812-13991889-13,iZombie,5,7
13991889,7214387,71d64b9e-afce-4d6a-a56f-ee18a587dcfe,7214387-13991889-18,The Rook,1,5
13991889,7225057,fcd08e78-0d36-4382-8487-2df7f53dace3,7225057-13991889-28,The Rook,1,6
13991889,7225057,fcd08e78-0d36-4382-8487-2df7f53dace3,7225057-13991889-18,The Rook,1,6
13991889,7253909,42896420-3fb0-4926-bdab-668d32d1649d,7253909-13991889-18,iZombie,5,11
13991889,7267920,829e88b0-0fc0-4f46-9276-bad2ee3db2ae,7267920-13991889-13,The Rook,1,7
13991889,7276490,4ac9f0c3-abb6-4d53-b3f0-d06df31ad367,7276490-13991889-30,iZombie,5,13
13991889,7276490,4ac9f0c3-abb6-4d53-b3f0-d06df31ad367,7276490-13991889-15,iZombie,5,13
13991889,7325062,c5904831-b9f5-4f2e-a366-311f50def4a6,7325062-13991889-19,Silicon Valley,6,1
13991889,7325062,c5904831-b9f5-4f2e-a366-311f50def4a6,7325062-13991889-13,Silicon Valley,6,1
13991889,7337251,c4e40964-b3bd-431b-85a5-7216978d76ec,7337251-13991889-38,Mr. Robot,4,1
13991889,7337251,c4e40964-b3bd-431b-85a5-7216978d76ec,7337251-13991889-28,Mr. Robot,4,1
13991889,7337251,c4e40964-b3bd-431b-85a5-7216978d76ec,7337251-13991889-14,Mr. Robot,4,1
13991889,7337804,d666c44b-b9b0-4222-8423-04a39eb5910a,7337804-13991889-13,Batwoman,1,2
13991889,7337996,bd4fd1cc-f980-454f-be69-c061282db4f6,7337996-13991889-28,The Flash (2014),6,2
13991889,7337996,bd4fd1cc-f980-454f-be69-c061282db4f6,7337996-13991889-30,The Flash (2014),6,2
13991889,7337996,bd4fd1cc-f980-454f-be69-c061282db4f6,7337996-13991889-19,The Flash (2014),6,2
13991889,7365511,4ad790d4-1787-41d3-bfb7-477c7aade2fd,7365511-13991889-38,Batwoman,1,7
13991889,7365511,4ad790d4-1787-41d3-bfb7-477c7aade2fd,7365511-13991889-28,Batwoman,1,7
13991889,7365511,4ad790d4-1787-41d3-bfb7-477c7aade2fd,7365511-13991889-19,Batwoman,1,7
13991889,7365513,d9bfccfc-d763-4726-b524-c0542eaa3877,7365513-13991889-18,The Flash (2014),6,4
13991889,7365513,d9bfccfc-d763-4726-b524-c0542eaa3877,7365513-13991889-28,The Flash (2014),6,4
13991889,7365516,ffb37683-ad43-4d9b-a09f-1b93d5e6e01c,7365516-13991889-28,The Flash (2014),6,7
13991889,7365516,ffb37683-ad43-4d9b-a09f-1b93d5e6e01c,7365516-13991889-18,The Flash (2014),6,7
13991889,7374309,7a9b6d8c-baba-44c8-8049-9e76291f7bf4,7374309-13991889-13,Young Sheldon,3,3
13991889,7388320,908bceed-91f0-4dcb-a4a4-a76532898ca4,7388320-13991889-14,Mr. Robot,4,3
13991889,7389443,c6729a03-9d06-4bf3-8608-3a4a17261dbf,7389443-13991889-28,Black Lightning,3,2
13991889,7389443,c6729a03-9d06-4bf3-8608-3a4a17261dbf,7389443-13991889-18,Black Lightning,3,2
13991889,7394631,718f7d55-d766-44f3-93bc-e1ed56e0914d,7394631-13991889-19,Batwoman,1,3
13991889,7395729,2afd709c-9370-481f-9869-b82dcf6bdcb8,7395729-13991889-19,The End of the F***ing World,2,5
13991889,7395732,b2060aa6-42f6-4a04-b55f-2b03b476ae04,7395732-13991889-30,The End of the F***ing World,2,6
13991889,7395734,95f322a7-5ef9-432e-a32d-8736e47dccf3,7395734-13991889-28,The End of the F***ing World,2,8
13991889,7395761,6b3c7184-32c1-44da-87f0-487b06e0a0a7,7395761-13991889-28,Batwoman,1,9
13991889,7405318,8860c2b3-d361-4022-8778-295a902b4be0,7405318-13991889-28,Mr. Robot,4,4
13991889,7405318,8860c2b3-d361-4022-8778-295a902b4be0,7405318-13991889-38,Mr. Robot,4,4
13991889,7416268,682eed55-56e9-424a-b0d1-98319c0134fa,7416268-13991889-28,Atypical,3,2
13991889,7416268,682eed55-56e9-424a-b0d1-98319c0134fa,7416268-13991889-30,Atypical,3,2
13991889,7416269,74b179d6-9e31-4b5c-86fe-9735153fa67a,7416269-13991889-19,Atypical,3,3
13991889,7416270,931cf1c7-cc7c-4c6b-933c-c8d9963913c1,7416270-13991889-19,Atypical,3,4
13991889,7416270,931cf1c7-cc7c-4c6b-933c-c8d9963913c1,7416270-13991889-18,Atypical,3,4
13991889,7416270,931cf1c7-cc7c-4c6b-933c-c8d9963913c1,7416270-13991889-13,Atypical,3,4
13991889,7416272,50b9dfe7-7a8c-4070-8a01-74d8a1f1e2e2,7416272-13991889-18,Atypical,3,5
13991889,7416272,50b9dfe7-7a8c-4070-8a01-74d8a1f1e2e2,7416272-13991889-28,Atypical,3,5
13991889,7416272,50b9dfe7-7a8c-4070-8a01-74d8a1f1e2e2,7416272-13991889-13,Atypical,3,5
13991889,7416272,50b9dfe7-7a8c-4070-8a01-74d8a1f1e2e2,7416272-13991889-19,Atypical,3,5
13991889,7428555,9e1076f5-2a3f-4093-bba5-d97dac11076c,7428555-13991889-28,The Witcher,1,1
13991889,7428555,9e1076f5-2a3f-4093-bba5-d97dac11076c,7428555-13991889-38,The Witcher,1,1
13991889,7430115,b905db93-3cc6-4811-9ab2-759b79d545af,7430115-13991889-28,Supergirl,5,9
13991889,7437752,72fb0365-2418-4558-a00c-5f094ca8bb5d,7437752-13991889-28,The Flash (2014),6,8
13991889,7437754,75c40555-a649-43bd-8f02-2864e9c5e9ad,7437754-13991889-18,The Flash (2014),6,9
13991889,7437754,75c40555-a649-43bd-8f02-2864e9c5e9ad,7437754-13991889-19,The Flash (2014),6,9
13991889,7437754,75c40555-a649-43bd-8f02-2864e9c5e9ad,7437754-13991889-13,The Flash (2014),6,9
13991889,7477619,3c49199a-0e44-4024-8309-d25df1797587,7477619-13991889-19,The Flash (2014),6,10
13991889,7477619,3c49199a-0e44-4024-8309-d25df1797587,7477619-13991889-13,The Flash (2014),6,10
13991889,7477620,d4803f56-40e5-44f4-97da-605885532f38,7477620-13991889-35,The Flash (2014),6,11
13991889,7550553,a69ad6a0-d99c-49dd-9949-81a58715025a,7550553-13991889-19,I Am Not Okay With This,1,2
13991889,7550553,a69ad6a0-d99c-49dd-9949-81a58715025a,7550553-13991889-28,I Am Not Okay With This,1,2
13991889,7550560,1fb39c97-21c1-41ce-b008-ce9d3a80b1c3,7550560-13991889-19,I Am Not Okay With This,1,6
13991889,7550560,1fb39c97-21c1-41ce-b008-ce9d3a80b1c3,7550560-13991889-28,I Am Not Okay With This,1,6
13991889,7550560,1fb39c97-21c1-41ce-b008-ce9d3a80b1c3,7550560-13991889-18,I Am Not Okay With This,1,6
13991889,7550563,c49bf784-96cf-4227-a7b7-8a7bc4b0fe2c,7550563-13991889-18,I Am Not Okay With This,1,7
13991889,7560337,3c06f190-6e3b-4e50-84b6-8314d5b1303f,7560337-13991889-19,Batwoman,1,12
13991889,7560337,3c06f190-6e3b-4e50-84b6-8314d5b1303f,7560337-13991889-29,Batwoman,1,12
13991889,7560337,3c06f190-6e3b-4e50-84b6-8314d5b1303f,7560337-13991889-27,Batwoman,1,12
13991889,7564224,bfa09479-17b0-4717-96aa-463043d0aba3,7564224-13991889-28,Young Sheldon,3,16
13991889,7693422,731e43c9-a233-4492-a793-8371ff31abec,7693422-13991889-29,Stargirl,1,10
13991889,7693422,731e43c9-a233-4492-a793-8371ff31abec,7693422-13991889-15,Stargirl,1,10
13991889,7693422,731e43c9-a233-4492-a793-8371ff31abec,7693422-13991889-30,Stargirl,1,10
13991889,7693422,731e43c9-a233-4492-a793-8371ff31abec,7693422-13991889-28,Stargirl,1,10
13991889,7798148,e4137c28-2f90-4d4d-89ef-0e99bf8245b5,7798148-13991889-27,The Rain,3,2
13991889,7798151,77eef80f-4b00-459a-a3ff-840838ee0bfc,7798151-13991889-28,The Rain,3,4
13991889,7798151,77eef80f-4b00-459a-a3ff-840838ee0bfc,7798151-13991889-18,The Rain,3,4
13991889,7798153,da8a11c2-7285-455b-82ad-ae08ab5e9570,7798153-13991889-28,The Rain,3,5
