created_at,updated_at,tv_show_name,episode_season_number,episode_number,user_id,episode_id,emotion_id
2019-02-25 19:12:51,2019-02-25 19:12:51,Breaking Bad,4,4,13991889,4123350,1
2019-02-25 19:12:27,2019-02-25 19:12:27,Breaking Bad,4,5,13991889,4123351,8
2018-07-31 18:53:37,2018-07-31 18:53:37,Steven Universe,1,5,13991889,4710226,3
2018-07-31 17:22:48,2018-07-31 17:22:48,Steven Universe,1,6,13991889,4710227,3
2018-07-31 17:33:56,2018-07-31 17:33:56,Steven Universe,1,7,13991889,4727778,2
2018-07-31 18:53:27,2018-07-31 18:53:27,Steven Universe,1,8,13991889,4753096,2
2018-08-02 01:00:42,2018-08-02 01:00:42,Steven Universe,1,9,13991889,4753097,3
2018-08-02 01:00:51,2018-08-02 01:00:51,Steven Universe,1,10,13991889,4753098,2
2018-08-02 21:19:46,2018-08-02 21:19:46,Steven Universe,1,11,13991889,4796466,3
2018-08-02 21:19:58,2018-08-02 21:19:58,Steven Universe,1,12,13991889,4796468,3
2018-08-03 19:18:21,2018-08-03 19:18:21,Steven Universe,1,13,13991889,4811303,3
2018-08-03 19:18:33,2018-08-03 19:18:33,Steven Universe,1,14,13991889,4811304,3
2018-08-03 19:18:55,2018-08-03 19:18:55,Steven Universe,1,15,13991889,4811305,1
2018-08-05 04:41:18,2018-08-05 04:41:18,Steven Universe,1,17,13991889,4852045,2
2018-08-05 04:41:40,2018-08-05 04:41:40,Steven Universe,1,18,13991889,4852046,2
2018-08-12 02:11:52,2018-08-12 02:11:52,Steven Universe,1,19,13991889,4852047,3
2018-08-12 02:11:41,2018-08-12 02:11:41,Steven Universe,1,20,13991889,4881757,2
2018-08-12 02:11:32,2018-08-12 02:11:32,Steven Universe,1,21,13991889,4890897,1
2018-08-12 02:11:18,2018-08-12 02:11:18,Steven Universe,1,22,13991889,4976674,1
2018-08-12 02:11:11,2018-08-12 02:11:11,Steven Universe,1,23,13991889,4990266,1
2018-08-12 02:11:04,2018-08-12 02:11:04,Steven Universe,1,24,13991889,4990267,1
2018-08-12 02:10:57,2018-08-12 02:10:57,Steven Universe,1,25,13991889,4990268,3
2018-08-12 02:10:49,2018-08-12 02:10:49,Steven Universe,1,26,13991889,4990269,3
2018-08-12 02:56:12,2018-08-12 02:56:12,Steven Universe,1,27,13991889,5002364,2
2018-08-12 02:40:57,2018-08-12 02:40:57,Steven Universe,1,28,13991889,5002365,3
2018-08-12 02:26:10,2018-08-12 02:26:10,Steven Universe,1,29,13991889,5012562,1
2018-08-12 02:10:31,2018-08-12 02:10:31,Steven Universe,1,30,13991889,5012563,3
2018-08-13 22:59:03,2018-08-13 22:59:03,Steven Universe,1,31,13991889,5012564,2
2018-08-19 01:16:57,2018-08-19 01:16:57,Steven Universe,1,32,13991889,5032896,2
2018-08-19 01:17:06,2018-08-19 01:17:06,Steven Universe,1,33,13991889,5040748,1
2018-08-19 01:17:23,2018-08-19 01:17:23,Steven Universe,1,34,13991889,5040749,3
2018-08-19 01:17:35,2018-08-19 01:17:35,Steven Universe,1,35,13991889,5055362,4
2018-08-19 02:54:26,2018-08-19 02:54:26,Steven Universe,1,37,13991889,5078573,3
2018-08-19 03:15:36,2018-08-19 03:15:36,Steven Universe,1,38,13991889,5078574,4
2018-08-19 03:31:19,2018-08-19 03:31:19,Steven Universe,1,39,13991889,5078575,3
2018-08-19 04:13:42,2018-08-19 04:13:42,Steven Universe,1,40,13991889,5121577,4
2018-08-19 04:57:05,2018-08-19 04:57:05,Steven Universe,1,41,13991889,5121578,1
2018-08-19 05:08:15,2018-08-19 05:08:15,Steven Universe,1,42,13991889,5121579,3
2018-08-19 05:20:52,2018-08-19 05:20:52,Steven Universe,1,43,13991889,5121580,3
2018-08-19 05:32:22,2018-08-19 05:32:22,Steven Universe,1,44,13991889,5141188,3
2018-08-20 06:35:14,2018-08-20 06:35:14,Steven Universe,1,45,13991889,5146500,3
2018-08-23 02:04:01,2018-08-23 02:04:01,Steven Universe,1,46,13991889,5152476,1
2018-08-24 20:05:48,2018-08-24 20:05:48,Steven Universe,1,47,13991889,5152477,1
2018-08-24 20:33:32,2018-08-24 20:33:32,Steven Universe,1,48,13991889,5152478,3
2018-08-24 20:36:57,2018-08-24 20:36:57,Steven Universe,1,49,13991889,5152479,3
2018-08-24 22:06:12,2018-08-24 22:06:12,Steven Universe,2,1,13991889,5158287,4
2018-09-04 19:30:37,2018-09-04 19:30:37,Steven Universe,2,5,13991889,5158298,3
2018-09-04 19:30:51,2018-09-04 19:30:51,Steven Universe,2,6,13991889,5173456,1
2018-09-08 23:20:54,2018-09-08 23:20:54,Steven Universe,2,13,13991889,5211997,3
2018-09-08 23:08:59,2018-09-08 23:08:59,Steven Universe,2,12,13991889,5211998,3
2017-07-24 08:28:55,2017-07-24 08:29:04,Sense8,1,3,13991889,5219321,4
2017-08-15 05:53:45,2017-08-15 05:53:45,Sense8,1,7,13991889,5228262,3
2017-08-19 17:36:32,2017-08-19 17:36:32,Sense8,1,10,13991889,5228265,4
2017-08-19 17:36:25,2017-08-19 17:36:25,Sense8,1,11,13991889,5228266,2
2018-09-08 23:54:11,2018-09-08 23:54:11,Steven Universe,2,15,13991889,5250644,3
2018-09-11 14:09:44,2018-09-11 14:09:45,Steven Universe,2,16,13991889,5276622,3
2018-09-11 14:36:35,2018-09-11 14:36:35,Steven Universe,2,17,13991889,5276628,1
2018-09-20 16:00:18,2018-09-20 16:00:18,Steven Universe,2,18,13991889,5276631,3
2018-09-20 18:33:36,2018-09-20 18:33:36,Steven Universe,2,19,13991889,5276632,3
2018-09-20 18:50:35,2018-09-20 18:50:35,Steven Universe,2,21,13991889,5276633,1
2018-09-20 19:02:11,2018-09-20 19:02:11,Steven Universe,2,22,13991889,5276634,3
2018-09-20 19:26:57,2018-09-20 19:26:57,Steven Universe,2,23,13991889,5295278,2
2018-09-20 18:33:17,2018-09-20 18:33:17,Steven Universe,2,20,13991889,5295279,2
2018-09-04 19:30:02,2018-09-04 19:30:02,Steven Universe,2,4,13991889,5357869,3
2018-09-08 23:41:22,2018-09-08 23:41:22,Steven Universe,2,14,13991889,5358120,1
2018-08-24 22:18:05,2018-09-04 19:29:45,Steven Universe,2,2,13991889,5359944,1
2018-09-04 19:29:50,2018-09-04 19:29:51,Steven Universe,2,3,13991889,5359992,1
2018-09-04 19:43:13,2018-09-04 19:43:13,Steven Universe,2,7,13991889,5360059,1
2018-09-04 19:57:05,2018-09-04 19:57:05,Steven Universe,2,8,13991889,5360066,3
2018-09-08 21:55:16,2018-09-08 21:55:16,Steven Universe,2,10,13991889,5360125,1
2018-09-08 22:53:15,2018-09-08 22:53:15,Steven Universe,2,11,13991889,5360137,3
2018-09-20 19:59:00,2018-09-20 19:59:00,Steven Universe,2,25,13991889,5363792,3
2018-09-20 20:35:55,2018-09-20 20:35:55,Steven Universe,2,26,13991889,5363793,3
2017-12-11 02:17:44,2017-12-11 02:17:44,Van Helsing,1,1,13991889,5545438,3
2018-09-24 19:01:03,2018-09-24 19:01:03,Steven Universe,3,1,13991889,5576362,1
2018-09-24 19:01:28,2018-09-24 19:01:28,Steven Universe,3,2,13991889,5576363,3
2018-09-24 19:14:46,2018-09-24 19:14:46,Steven Universe,3,4,13991889,5576364,1
2018-09-24 19:01:17,2018-09-24 19:01:18,Steven Universe,3,3,13991889,5576365,2
2018-09-25 04:44:53,2018-09-25 04:44:53,Steven Universe,3,5,13991889,5576366,2
2018-07-22 06:03:13,2018-07-22 06:03:13,Channel Zero,1,1,13991889,5700172,3
2018-07-12 00:58:31,2018-07-12 00:58:31,3%,1,3,13991889,5787419,3
2018-05-17 00:44:55,2018-05-17 00:44:55,Dragon Ball Super,4,27,13991889,5880351,2
2018-05-17 00:44:57,2018-05-17 00:44:57,Dragon Ball Super,4,28,13991889,5880381,2
2018-05-17 00:45:00,2018-05-17 00:45:00,Dragon Ball Super,4,29,13991889,5880397,1
2018-05-17 00:45:01,2018-05-17 00:45:01,Dragon Ball Super,4,30,13991889,5880400,3
2018-08-27 21:03:57,2018-08-27 21:03:57,The 100,4,7,13991889,5940804,4
2018-09-08 14:50:32,2018-09-08 14:50:32,The 100,4,13,13991889,5940805,3
2018-08-31 20:12:16,2018-08-31 20:12:16,The 100,4,8,13991889,5941009,3
2018-09-07 20:51:10,2018-09-07 20:51:10,The 100,4,11,13991889,5941011,1
2018-09-07 20:50:53,2018-09-07 20:50:53,The 100,4,9,13991889,5941030,3
2018-09-07 22:50:57,2018-09-07 22:50:57,The 100,4,12,13991889,5943802,1
2018-09-07 20:51:01,2018-09-07 20:51:01,The 100,4,10,13991889,5947380,3
2017-07-12 05:00:35,2017-07-12 05:00:36,Legion,1,7,13991889,5956624,3
2017-07-12 05:00:48,2017-07-12 05:00:48,Legion,1,8,13991889,5956627,3
2017-12-11 19:40:47,2017-12-11 19:40:47,Disjointed,1,10,13991889,6055038,3
2017-09-21 03:10:57,2017-09-21 03:10:57,Narcos,3,3,13991889,6195654,3
2018-07-29 19:41:46,2018-07-29 19:41:46,Krypton,1,1,13991889,6213689,1
2018-07-29 01:02:15,2018-07-29 01:02:15,Final Space,1,1,13991889,6218771,2
2017-11-05 05:52:02,2017-11-05 05:52:02,DC's Legends of Tomorrow,3,4,13991889,6232850,3
2018-07-02 20:03:39,2018-07-02 20:03:39,Dragon Ball Super,5,29,13991889,6241912,4
2018-07-16 03:57:14,2018-07-16 03:57:20,Happy!,1,1,13991889,6279753,1
2018-07-29 21:31:46,2018-07-29 21:31:46,Krypton,1,2,13991889,6299661,3
2018-08-19 17:33:14,2018-08-19 17:33:14,Krypton,1,3,13991889,6299662,3
2018-08-22 21:02:36,2018-08-22 21:02:36,Krypton,1,4,13991889,6299664,3
2018-07-16 03:56:59,2018-07-16 03:56:59,Happy!,1,2,13991889,6374933,1
2018-09-09 23:45:30,2018-09-09 23:45:30,Krypton,1,5,13991889,6496773,3
2018-09-10 02:18:09,2018-09-10 02:18:09,Krypton,1,6,13991889,6496774,3
2018-09-11 18:01:39,2018-09-11 18:01:39,Krypton,1,7,13991889,6496776,3
2018-09-11 18:01:31,2018-09-11 18:01:31,Krypton,1,8,13991889,6496777,3
2018-08-07 05:34:37,2018-08-07 05:34:37,3%,2,1,13991889,6532980,1
2018-07-29 01:02:18,2018-07-29 01:02:18,Final Space,1,2,13991889,6537947,2
2018-07-29 01:01:58,2018-07-29 01:01:58,Final Space,1,3,13991889,6563912,2
2018-07-29 01:01:50,2018-07-29 01:01:50,Final Space,1,4,13991889,6563913,2
2018-07-29 01:01:51,2018-07-29 01:01:51,Final Space,1,5,13991889,6563915,2
2018-07-29 01:01:53,2018-07-29 01:28:04,Final Space,1,6,13991889,6563916,4
2018-07-29 01:54:22,2018-07-29 01:54:22,Final Space,1,7,13991889,6580217,3
2018-07-29 04:12:42,2018-07-29 04:12:42,Final Space,1,8,13991889,6580218,3
2018-07-29 04:13:00,2018-07-29 04:13:00,Final Space,1,9,13991889,6580219,1
2018-07-29 04:42:04,2018-07-29 04:42:04,Final Space,1,10,13991889,6580220,3
2018-08-07 05:34:53,2018-08-07 05:34:53,3%,2,2,13991889,6608628,1
2018-08-12 05:14:15,2018-08-12 05:14:15,3%,2,3,13991889,6608631,1
2018-08-12 05:14:04,2018-08-12 05:14:05,3%,2,4,13991889,6608637,3
2018-08-12 05:13:49,2018-08-12 05:13:49,3%,2,5,13991889,6608642,3
2018-08-12 05:13:38,2018-08-12 05:13:38,3%,2,6,13991889,6608646,3
2018-08-12 19:37:06,2018-08-12 19:37:06,3%,2,7,13991889,6608649,3
2018-08-14 21:48:19,2018-08-14 21:48:19,3%,2,8,13991889,6608651,1
2018-09-11 20:08:19,2018-09-11 20:08:19,Krypton,1,9,13991889,6614015,3
2018-09-14 19:59:51,2018-09-14 19:59:51,Krypton,1,10,13991889,6614016,3
2018-07-23 00:43:20,2018-07-23 00:43:20,The Flash (2014),4,23,13991889,6622395,3
2018-08-14 21:48:09,2018-08-14 21:48:09,3%,2,9,13991889,6643770,3
2018-08-15 01:40:13,2018-08-15 01:40:13,3%,2,10,13991889,6643773,3
2018-06-10 05:29:43,2018-06-10 05:29:43,Sense8,2,12,13991889,6663646,3
2018-11-25 19:47:00,2018-11-25 19:47:00,Elite,1,8,13991889,6671804,3
2018-08-17 19:47:27,2018-08-17 19:47:27,Disenchantment,1,1,13991889,6699345,2
2018-08-17 20:42:46,2018-08-17 20:42:46,Disenchantment,1,2,13991889,6699487,2
2018-08-18 04:45:15,2018-08-18 04:45:15,Disenchantment,1,3,13991889,6699488,2
2018-08-18 14:40:09,2018-08-18 14:40:09,Disenchantment,1,4,13991889,6699489,2
2018-08-18 14:40:21,2018-08-18 14:40:21,Disenchantment,1,5,13991889,6699490,3
2018-08-18 15:15:28,2018-08-18 15:15:28,Disenchantment,1,6,13991889,6699491,2
2018-08-18 21:39:37,2018-08-18 21:39:37,Disenchantment,1,7,13991889,6699493,2
2018-08-18 21:40:07,2018-08-18 21:40:07,Disenchantment,1,8,13991889,6699494,2
2018-08-19 00:00:44,2018-08-19 00:00:44,Disenchantment,1,9,13991889,6699495,4
2018-08-19 02:24:05,2018-08-19 02:24:05,Disenchantment,1,10,13991889,6699496,3
2018-11-03 02:49:31,2018-11-03 02:49:31,Black Lightning,2,1,13991889,6733442,3
2018-11-03 02:49:21,2018-11-03 02:49:21,Black Lightning,2,2,13991889,6753772,3
2018-11-03 02:49:16,2018-11-03 02:49:16,Black Lightning,2,3,13991889,6753773,1
2018-09-08 21:52:29,2018-09-08 21:52:29,Super Dragon Ball Heroes,1,3,13991889,6764190,1
2018-09-08 20:59:45,2018-09-08 20:59:45,Paradise PD,1,1,13991889,6771499,3
2018-11-15 00:07:22,2018-11-15 00:07:22,DC's Legends of Tomorrow,4,4,13991889,6790744,1
2018-11-07 02:44:12,2018-11-07 02:44:12,The Flash (2014),5,3,13991889,6794675,3
2018-11-07 20:23:17,2018-11-07 20:23:17,The Flash (2014),5,4,13991889,6794677,1
2018-11-15 09:45:57,2018-11-15 09:45:57,The Flash (2014),5,5,13991889,6794679,3
2018-09-08 21:52:18,2018-09-18 21:41:48,Paradise PD,1,2,13991889,6800815,3
2018-09-14 20:00:34,2018-09-14 20:00:37,Paradise PD,1,3,13991889,6800817,3
2018-09-18 21:41:38,2018-09-18 21:41:38,Paradise PD,1,4,13991889,6800818,1
2018-09-18 21:41:34,2018-09-18 21:41:34,Paradise PD,1,5,13991889,6800820,3
2018-09-18 21:41:28,2018-09-18 21:41:28,Paradise PD,1,6,13991889,6800821,3
2018-09-18 21:42:04,2018-09-18 21:42:04,Paradise PD,1,7,13991889,6800823,1
2018-09-26 22:32:16,2018-09-26 22:32:16,Paradise PD,1,8,13991889,6800825,1
2018-09-26 22:32:07,2018-09-26 22:32:07,Paradise PD,1,9,13991889,6800828,3
2018-09-26 22:31:57,2018-09-26 22:31:57,Paradise PD,1,10,13991889,6800831,3
2018-12-11 04:05:25,2018-12-11 04:05:27,The Flash (2014),5,9,13991889,6881113,6
2018-12-05 19:43:25,2018-12-05 19:43:25,The Flash (2014),5,8,13991889,6885898,3
2019-03-21 23:13:24,2019-03-21 23:13:24,The Flash (2014),5,17,13991889,7085504,3
2019-05-11 03:46:07,2019-05-11 03:46:07,The Flash (2014),5,21,13991889,7145066,3
2019-05-15 17:05:14,2019-05-15 17:05:14,The Flash (2014),5,22,13991889,7159480,3
2021-01-24 15:18:25,2021-01-24 15:18:25,Dr. STONE,2,2,13991889,8118080,1
