device_id,app_id,removed,created_at,updated_at,user_id
00674ed7e83c2b047ff6873a18f78261,com.facebook.lite,0,2017-09-11 19:40:49,2017-09-11 19:40:49,13991889
00674ed7e83c2b047ff6873a18f78261,com.instagram.android,0,2017-09-11 19:40:49,2017-09-11 19:40:49,13991889
00674ed7e83c2b047ff6873a18f78261,com.netflix.mediaclient,0,2017-09-11 19:40:49,2017-09-11 19:40:49,13991889
00674ed7e83c2b047ff6873a18f78261,com.snapchat.android,0,2017-09-11 19:40:49,2017-09-11 19:40:49,13991889
00674ed7e83c2b047ff6873a18f78261,com.twitter.android,0,2017-09-11 19:40:49,2017-09-11 19:40:49,13991889
00674ed7e83c2b047ff6873a18f78261,com.whatsapp,0,2017-09-11 19:40:49,2017-09-24 07:00:36,13991889
075885ebac616ba8262e468f2387cf37,com.instagram.android,0,2019-11-12 01:26:32,2019-11-12 01:26:32,13991889
075885ebac616ba8262e468f2387cf37,com.netflix.mediaclient,0,2019-11-12 05:22:49,2019-11-12 05:22:49,13991889
075885ebac616ba8262e468f2387cf37,com.snapchat.android,0,2019-11-12 18:37:03,2019-11-12 18:37:03,13991889
075885ebac616ba8262e468f2387cf37,com.twitter.android,0,2019-11-12 01:26:32,2019-11-12 01:26:32,13991889
075885ebac616ba8262e468f2387cf37,com.whatsapp,0,2019-11-12 01:26:32,2019-11-12 01:26:32,13991889
1001ba23c0ee48175cc27eb347564d62,com.facebook.lite,0,2018-01-08 01:31:25,2018-01-08 01:31:25,13991889
1001ba23c0ee48175cc27eb347564d62,com.instagram.android,0,2018-01-08 01:31:25,2018-01-08 01:31:25,13991889
1001ba23c0ee48175cc27eb347564d62,com.netflix.mediaclient,0,2018-01-08 01:31:25,2018-01-08 01:31:25,13991889
1001ba23c0ee48175cc27eb347564d62,com.snapchat.android,0,2018-01-08 01:31:25,2018-01-08 01:31:25,13991889
1001ba23c0ee48175cc27eb347564d62,com.twitter.android,0,2018-01-08 01:31:25,2018-01-08 01:31:25,13991889
1001ba23c0ee48175cc27eb347564d62,com.whatsapp,0,2018-01-08 01:31:25,2018-02-01 05:42:15,13991889
1da10048b7411db4ac2cf5a786c9df9a,com.instagram.android,0,2020-03-30 04:39:35,2020-08-11 03:12:23,13991889
1da10048b7411db4ac2cf5a786c9df9a,com.netflix.mediaclient,0,2020-01-08 21:52:22,2020-01-08 21:52:22,13991889
1da10048b7411db4ac2cf5a786c9df9a,com.snapchat.android,1,2020-01-28 00:51:45,2020-07-30 15:11:20,13991889
1da10048b7411db4ac2cf5a786c9df9a,com.twitter.android,0,2020-01-08 21:52:22,2020-05-18 19:16:25,13991889
1da10048b7411db4ac2cf5a786c9df9a,com.whatsapp,0,2020-02-02 22:18:34,2020-02-02 22:18:34,13991889
30270dfc2e6970dd6b67c47aa1a7b219,com.facebook.lite,0,2017-10-28 16:20:38,2017-10-28 16:20:38,13991889
30270dfc2e6970dd6b67c47aa1a7b219,com.instagram.android,0,2017-10-28 16:20:38,2017-10-28 16:20:38,13991889
30270dfc2e6970dd6b67c47aa1a7b219,com.netflix.mediaclient,0,2017-10-28 16:20:38,2017-10-28 16:20:38,13991889
30270dfc2e6970dd6b67c47aa1a7b219,com.snapchat.android,0,2017-10-28 16:20:38,2017-10-28 16:20:38,13991889
30270dfc2e6970dd6b67c47aa1a7b219,com.twitter.android,0,2017-10-28 16:20:38,2017-10-28 16:20:38,13991889
30270dfc2e6970dd6b67c47aa1a7b219,com.whatsapp,0,2017-10-28 16:20:38,2017-10-28 16:20:38,13991889
36bbcd09ac5e062135d0ed021a398440,com.instagram.android,0,2019-10-02 03:10:25,2019-10-02 03:10:25,13991889
36bbcd09ac5e062135d0ed021a398440,com.netflix.mediaclient,0,2019-10-02 03:10:25,2019-10-02 03:10:25,13991889
36bbcd09ac5e062135d0ed021a398440,com.snapchat.android,0,2019-10-02 04:24:07,2019-10-02 04:24:07,13991889
36bbcd09ac5e062135d0ed021a398440,com.twitter.android,0,2019-10-02 03:10:25,2019-10-02 03:10:25,13991889
36bbcd09ac5e062135d0ed021a398440,com.whatsapp,0,2019-10-02 03:10:25,2019-10-02 03:10:25,13991889
493ab5c177d39bdf13d274c1e6d54702,com.facebook.katana,1,2019-05-02 14:34:04,2019-06-07 15:38:41,13991889
493ab5c177d39bdf13d274c1e6d54702,com.instagram.android,0,2019-05-02 14:34:04,2019-05-02 14:34:04,13991889
493ab5c177d39bdf13d274c1e6d54702,com.netflix.mediaclient,0,2019-06-07 15:38:41,2019-06-07 15:38:41,13991889
493ab5c177d39bdf13d274c1e6d54702,com.snapchat.android,0,2019-06-16 08:49:47,2019-08-28 00:53:30,13991889
493ab5c177d39bdf13d274c1e6d54702,com.twitter.android,0,2019-05-02 14:34:04,2019-05-02 14:34:04,13991889
493ab5c177d39bdf13d274c1e6d54702,com.whatsapp,1,2019-05-02 14:34:04,2019-09-26 17:29:53,13991889
4a638965156cfbfe66265f534bc5cda0,com.facebook.lite,0,2017-10-04 17:31:02,2017-10-04 17:31:02,13991889
4a638965156cfbfe66265f534bc5cda0,com.instagram.android,0,2017-10-04 17:31:02,2017-10-04 17:31:02,13991889
4a638965156cfbfe66265f534bc5cda0,com.netflix.mediaclient,0,2017-10-04 21:48:22,2017-10-04 21:48:22,13991889
4a638965156cfbfe66265f534bc5cda0,com.snapchat.android,0,2017-10-04 17:31:02,2017-10-04 17:31:02,13991889
4a638965156cfbfe66265f534bc5cda0,com.twitter.android,0,2017-10-04 17:31:02,2017-10-04 17:31:02,13991889
4a638965156cfbfe66265f534bc5cda0,com.whatsapp,0,2017-10-04 17:31:02,2017-10-04 17:31:02,13991889
4fb5689fbb7ad5088e64c5e1692fca36,com.facebook.lite,0,2017-10-22 01:31:36,2017-10-22 01:31:36,13991889
4fb5689fbb7ad5088e64c5e1692fca36,com.instagram.android,0,2017-10-22 01:31:36,2017-10-22 01:31:36,13991889
4fb5689fbb7ad5088e64c5e1692fca36,com.netflix.mediaclient,0,2017-10-22 01:31:36,2017-10-22 01:31:36,13991889
4fb5689fbb7ad5088e64c5e1692fca36,com.snapchat.android,0,2017-10-22 01:31:36,2017-10-22 01:31:36,13991889
4fb5689fbb7ad5088e64c5e1692fca36,com.twitter.android,0,2017-10-22 08:12:04,2017-10-22 08:12:04,13991889
4fb5689fbb7ad5088e64c5e1692fca36,com.whatsapp,0,2017-10-22 01:31:36,2017-10-22 01:31:36,13991889
57c80d5f278cf3cd987fd1026d8e74fa,com.instagram.android,0,2019-09-30 05:47:54,2019-09-30 05:47:54,13991889
57c80d5f278cf3cd987fd1026d8e74fa,com.netflix.mediaclient,0,2019-09-30 05:47:54,2019-09-30 05:47:54,13991889
57c80d5f278cf3cd987fd1026d8e74fa,com.snapchat.android,0,2019-09-30 05:47:54,2019-09-30 05:47:54,13991889
57c80d5f278cf3cd987fd1026d8e74fa,com.twitter.android,0,2019-09-30 05:47:54,2019-09-30 05:47:54,13991889
57c80d5f278cf3cd987fd1026d8e74fa,com.whatsapp,0,2019-09-30 05:47:54,2019-09-30 05:47:54,13991889
5cec83971505c43b95f9e614aed97f61,com.facebook.katana,0,2019-01-26 07:53:40,2019-01-26 07:53:40,13991889
5cec83971505c43b95f9e614aed97f61,com.instagram.android,0,2019-01-26 07:53:40,2019-01-26 07:53:40,13991889
5cec83971505c43b95f9e614aed97f61,com.netflix.mediaclient,1,2019-01-26 07:53:40,2019-04-07 13:35:50,13991889
5cec83971505c43b95f9e614aed97f61,com.twitter.android,0,2019-01-26 07:53:40,2019-01-26 07:53:40,13991889
5cec83971505c43b95f9e614aed97f61,com.whatsapp,0,2019-01-26 07:53:40,2019-03-30 08:50:19,13991889
73074bb42dc0df472b916754324bae7e,com.facebook.katana,0,2018-10-14 23:06:34,2018-10-14 23:06:34,13991889
73074bb42dc0df472b916754324bae7e,com.instagram.android,0,2018-10-14 23:06:34,2018-10-14 23:06:34,13991889
73074bb42dc0df472b916754324bae7e,com.netflix.mediaclient,0,2018-10-14 23:06:34,2018-10-14 23:06:34,13991889
73074bb42dc0df472b916754324bae7e,com.snapchat.android,0,2018-10-15 23:49:49,2018-10-15 23:49:49,13991889
73074bb42dc0df472b916754324bae7e,com.twitter.android,0,2018-10-14 23:06:34,2018-10-14 23:06:34,13991889
73074bb42dc0df472b916754324bae7e,com.whatsapp,0,2018-10-14 23:06:34,2018-10-14 23:06:34,13991889
83391a56699ec142253fe7750d3d8a53,com.instagram.android,0,2019-10-02 20:02:53,2019-10-05 06:05:10,13991889
83391a56699ec142253fe7750d3d8a53,com.netflix.mediaclient,0,2019-10-02 20:02:53,2019-10-02 20:02:53,13991889
83391a56699ec142253fe7750d3d8a53,com.snapchat.android,0,2019-10-02 20:02:53,2019-10-02 20:02:53,13991889
83391a56699ec142253fe7750d3d8a53,com.twitter.android,0,2019-10-02 20:02:53,2019-10-02 20:02:53,13991889
83391a56699ec142253fe7750d3d8a53,com.whatsapp,0,2019-10-02 20:02:53,2019-10-05 06:05:10,13991889
8a4cfac9fe010daeb43556dfe79ecadd,com.instagram.android,0,2019-10-11 15:08:08,2019-10-29 15:12:29,13991889
8a4cfac9fe010daeb43556dfe79ecadd,com.netflix.mediaclient,0,2019-10-11 15:08:08,2019-10-11 15:08:08,13991889
8a4cfac9fe010daeb43556dfe79ecadd,com.twitter.android,0,2019-10-11 15:08:08,2019-10-11 15:08:08,13991889
8a4cfac9fe010daeb43556dfe79ecadd,com.whatsapp,0,2019-10-11 15:08:08,2019-10-11 15:08:08,13991889
9033d7d9fc68cda89dedb37e62867888,com.facebook.lite,0,2017-07-31 04:00:31,2017-07-31 04:00:31,13991889
9033d7d9fc68cda89dedb37e62867888,com.instagram.android,0,2017-07-31 04:00:31,2017-07-31 04:00:31,13991889
9033d7d9fc68cda89dedb37e62867888,com.netflix.mediaclient,0,2017-08-19 01:36:39,2017-08-19 01:36:39,13991889
9033d7d9fc68cda89dedb37e62867888,com.snapchat.android,0,2017-07-31 04:00:31,2017-07-31 04:00:31,13991889
9033d7d9fc68cda89dedb37e62867888,com.twitter.android,0,2017-08-11 04:25:51,2017-08-11 04:25:51,13991889
9033d7d9fc68cda89dedb37e62867888,com.whatsapp,0,2017-07-31 04:00:31,2017-07-31 04:00:31,13991889
91526b43e075e68a1f8e945178f49e14,com.netflix.mediaclient,0,2019-12-15 04:06:31,2019-12-15 04:06:31,13991889
91526b43e075e68a1f8e945178f49e14,com.twitter.android,0,2019-12-15 04:06:31,2019-12-15 04:06:31,13991889
91526b43e075e68a1f8e945178f49e14,com.whatsapp,1,2019-12-15 04:06:31,2020-01-02 20:20:28,13991889
9a7a651a7e384d7eaadd77b028d5039f,com.facebook.katana,0,2018-10-31 03:41:20,2018-10-31 03:41:20,13991889
9a7a651a7e384d7eaadd77b028d5039f,com.instagram.android,0,2018-10-31 03:41:20,2018-10-31 03:41:20,13991889
9a7a651a7e384d7eaadd77b028d5039f,com.netflix.mediaclient,0,2018-10-31 03:41:20,2018-12-23 06:36:52,13991889
9a7a651a7e384d7eaadd77b028d5039f,com.snapchat.android,1,2018-10-31 03:41:20,2018-12-05 18:14:00,13991889
9a7a651a7e384d7eaadd77b028d5039f,com.twitter.android,0,2018-10-31 03:41:20,2018-10-31 03:41:20,13991889
9a7a651a7e384d7eaadd77b028d5039f,com.whatsapp,0,2018-10-31 03:41:20,2018-11-11 21:01:38,13991889
9acf455b3ddd36df9ac520c993111dfa,com.facebook.katana,0,2018-10-26 02:26:35,2018-10-26 02:26:35,13991889
9acf455b3ddd36df9ac520c993111dfa,com.instagram.android,0,2018-10-26 02:26:35,2018-10-26 02:26:35,13991889
9acf455b3ddd36df9ac520c993111dfa,com.netflix.mediaclient,0,2018-10-27 06:58:19,2018-10-27 06:58:19,13991889
9acf455b3ddd36df9ac520c993111dfa,com.snapchat.android,0,2018-10-26 02:26:35,2018-10-26 02:26:35,13991889
9acf455b3ddd36df9ac520c993111dfa,com.twitter.android,0,2018-10-26 02:26:35,2018-10-26 02:26:35,13991889
9acf455b3ddd36df9ac520c993111dfa,com.whatsapp,0,2018-10-26 02:26:35,2018-10-26 02:26:35,13991889
a373d71f499cfc70f91ecec5666a744a,com.facebook.lite,0,2018-02-03 23:54:14,2018-02-03 23:54:14,13991889
a373d71f499cfc70f91ecec5666a744a,com.instagram.android,0,2018-02-03 23:54:14,2018-02-03 23:54:14,13991889
a373d71f499cfc70f91ecec5666a744a,com.whatsapp,0,2018-02-03 23:54:14,2018-02-03 23:54:14,13991889
ac65dd0c505f3c43bfb8f956d25621aa,com.facebook.lite,0,2017-07-11 22:00:58,2017-07-11 22:00:58,13991889
ac65dd0c505f3c43bfb8f956d25621aa,com.instagram.android,0,2017-07-11 22:00:58,2017-07-11 22:00:58,13991889
ac65dd0c505f3c43bfb8f956d25621aa,com.snapchat.android,0,2017-07-11 22:00:58,2017-07-11 22:00:58,13991889
ac65dd0c505f3c43bfb8f956d25621aa,com.whatsapp,0,2017-07-11 22:00:58,2017-07-11 22:00:58,13991889
d3b66736d4602b4428fc4aad7bc8dd24,com.facebook.katana,0,2018-05-03 05:18:30,2018-08-17 19:47:04,13991889
d3b66736d4602b4428fc4aad7bc8dd24,com.facebook.lite,1,2018-02-04 00:17:34,2018-07-19 23:00:11,13991889
d3b66736d4602b4428fc4aad7bc8dd24,com.instagram.android,0,2018-02-04 00:17:34,2018-02-04 00:17:34,13991889
d3b66736d4602b4428fc4aad7bc8dd24,com.netflix.mediaclient,0,2018-02-04 00:17:34,2018-07-22 05:55:49,13991889
d3b66736d4602b4428fc4aad7bc8dd24,com.twitter.android,0,2018-02-09 06:07:44,2018-07-07 21:08:35,13991889
d3b66736d4602b4428fc4aad7bc8dd24,com.whatsapp,0,2018-02-04 00:17:34,2018-02-04 00:17:34,13991889
d943932ed5725877f805862d536da832,com.instagram.android,0,2019-11-11 06:08:00,2019-11-11 06:08:00,13991889
d943932ed5725877f805862d536da832,com.netflix.mediaclient,0,2019-11-11 06:08:00,2019-11-11 06:08:00,13991889
d943932ed5725877f805862d536da832,com.twitter.android,0,2019-11-11 06:08:00,2019-11-11 06:08:00,13991889
d943932ed5725877f805862d536da832,com.whatsapp,0,2019-11-11 06:08:00,2019-11-11 06:08:00,13991889
da4eb66d1f440dca9dab480c21ba52a0,com.instagram.android,0,2019-10-04 23:45:14,2019-10-04 23:45:14,13991889
da4eb66d1f440dca9dab480c21ba52a0,com.snapchat.android,0,2019-10-04 23:45:14,2019-10-04 23:45:14,13991889
da4eb66d1f440dca9dab480c21ba52a0,com.twitter.android,0,2019-10-04 23:45:14,2019-10-04 23:45:14,13991889
da4eb66d1f440dca9dab480c21ba52a0,com.whatsapp,0,2019-10-04 23:45:14,2019-10-04 23:45:14,13991889
dff60c3ff097193d1b4410ae0129d3a2,com.facebook.lite,0,2017-07-20 18:29:01,2017-07-20 18:29:01,13991889
dff60c3ff097193d1b4410ae0129d3a2,com.instagram.android,0,2017-07-20 18:29:01,2017-07-20 18:29:01,13991889
dff60c3ff097193d1b4410ae0129d3a2,com.snapchat.android,0,2017-07-20 18:29:01,2017-07-20 18:29:01,13991889
dff60c3ff097193d1b4410ae0129d3a2,com.whatsapp,0,2017-07-20 18:29:01,2017-07-20 18:29:01,13991889
e5f1e887788f7c6c3d7e803db4db17a5,com.instagram.android,0,2019-01-11 04:00:37,2019-01-11 04:00:37,13991889
e5f1e887788f7c6c3d7e803db4db17a5,com.netflix.mediaclient,0,2019-01-11 04:00:37,2019-01-11 04:00:37,13991889
e74a46ead86e4ab64bada9f6e3fe1dc3,com.instagram.android,0,2019-09-26 19:38:16,2019-09-26 19:38:16,13991889
e74a46ead86e4ab64bada9f6e3fe1dc3,com.netflix.mediaclient,0,2019-09-27 19:07:29,2019-09-27 19:07:29,13991889
e74a46ead86e4ab64bada9f6e3fe1dc3,com.snapchat.android,0,2019-09-27 01:26:31,2019-09-27 01:26:31,13991889
e74a46ead86e4ab64bada9f6e3fe1dc3,com.twitter.android,0,2019-09-26 19:38:16,2019-09-26 19:38:16,13991889
e74a46ead86e4ab64bada9f6e3fe1dc3,com.whatsapp,0,2019-09-26 19:38:16,2019-09-26 19:38:16,13991889
ee1e37cc0d045bbae0a385570d58a390,com.instagram.android,1,2019-11-05 01:11:48,2019-12-11 19:34:22,13991889
ee1e37cc0d045bbae0a385570d58a390,com.netflix.mediaclient,0,2019-11-05 01:11:48,2019-12-10 19:26:21,13991889
ee1e37cc0d045bbae0a385570d58a390,com.snapchat.android,1,2019-11-15 06:48:18,2019-11-18 20:04:59,13991889
ee1e37cc0d045bbae0a385570d58a390,com.tinder,1,2019-12-02 21:00:18,2019-12-04 03:55:04,13991889
ee1e37cc0d045bbae0a385570d58a390,com.twitter.android,0,2019-11-05 01:11:48,2019-11-05 01:11:48,13991889
ee1e37cc0d045bbae0a385570d58a390,com.whatsapp,0,2019-11-05 01:11:48,2019-11-05 01:11:48,13991889
fa993f07b0f469674a55d68b5f50d917,com.facebook.lite,0,2017-11-28 20:59:27,2017-11-28 20:59:27,13991889
fa993f07b0f469674a55d68b5f50d917,com.instagram.android,0,2017-11-28 20:59:27,2017-11-28 20:59:27,13991889
fa993f07b0f469674a55d68b5f50d917,com.netflix.mediaclient,0,2017-12-01 21:18:07,2017-12-01 21:18:07,13991889
fa993f07b0f469674a55d68b5f50d917,com.snapchat.android,0,2017-11-28 20:59:27,2017-11-28 20:59:27,13991889
fa993f07b0f469674a55d68b5f50d917,com.twitter.android,0,2017-11-28 21:38:40,2017-11-28 21:38:40,13991889
fa993f07b0f469674a55d68b5f50d917,com.whatsapp,0,2017-11-28 20:59:27,2017-11-28 20:59:27,13991889
