uuid,user_id,episode_id,vote_key,movie_name
3067f4f8-c34d-4a10-a869-6c08557e869c,13991889,0,3067f4f8-c34d-4a10-a869-6c08557e869c-13991889-3,Deadpool
42814c39-07fe-4c44-a315-0ba14342384f,13991889,0,42814c39-07fe-4c44-a315-0ba14342384f-13991889-1,F9
974fcd5c-26fd-4068-bbbd-437317265f58,13991889,0,974fcd5c-26fd-4068-bbbd-437317265f58-13991889-3,Pourris gâtés
78079d78-9387-4cbe-9adf-8ded6b6decc4,13991889,0,78079d78-9387-4cbe-9adf-8ded6b6decc4-13991889-3,Zootopia 2
f10ef4a2-73e0-49e9-9df7-9332a2985a79,13991889,0,f10ef4a2-73e0-49e9-9df7-9332a2985a79-13991889-3,Black Mirror: Bandersnatch
217b7fd0-cae6-48bf-b430-b66443185509,13991889,0,217b7fd0-cae6-48bf-b430-b66443185509-13991889-3,ハウルの動く城
c1533c3f-f301-4ad7-bf01-278237276aee,13991889,0,c1533c3f-f301-4ad7-bf01-278237276aee-13991889-27,Ben 10: Race Against Time
9ded12df-1920-4338-80d8-fda905574f96,13991889,0,9ded12df-1920-4338-80d8-fda905574f96-13991889-28,"Yo, Adolescente"
bee94e91-f6e0-4981-a541-8d2c7c4883db,13991889,0,bee94e91-f6e0-4981-a541-8d2c7c4883db-13991889-28,El orfanato
e598e977-8fe6-4e0d-8def-da1537e82549,13991889,0,e598e977-8fe6-4e0d-8def-da1537e82549-13991889-3,Puss in Boots
ad66bc35-4213-4ff3-8b9a-4a135b844560,13991889,0,ad66bc35-4213-4ff3-8b9a-4a135b844560-13991889-29,The Inventor: Out for Blood in Silicon Valley
a4b14e7e-ceac-4a46-bac2-da5d0da275a6,13991889,0,a4b14e7e-ceac-4a46-bac2-da5d0da275a6-13991889-3,The Devil Wears Prada 2
367e1269-4e8e-4e79-80a0-5246091803cf,13991889,0,367e1269-4e8e-4e79-80a0-5246091803cf-13991889-3,Eternals
986ce017-4a8b-413d-95ae-ab7bff682969,13991889,0,986ce017-4a8b-413d-95ae-ab7bff682969-13991889-3,The Pope's Exorcist
368ab60c-7c64-4d99-86a0-d82ea1a99546,13991889,0,368ab60c-7c64-4d99-86a0-d82ea1a99546-13991889-29,The Substance
c914d8fe-81cb-4f09-bd7d-85d11cb1194f,13991889,0,c914d8fe-81cb-4f09-bd7d-85d11cb1194f-13991889-3,Elemental
e1ae9a89-1954-4c61-a108-20b52b0a97ae,13991889,0,e1ae9a89-1954-4c61-a108-20b52b0a97ae-13991889-29,M3GAN
1bd5f8f7-e114-49c8-aad3-3d649b86e832,13991889,0,1bd5f8f7-e114-49c8-aad3-3d649b86e832-13991889-3,Tetris
b658f434-18d7-49d3-bbe6-12c4ae69062a,13991889,0,b658f434-18d7-49d3-bbe6-12c4ae69062a-13991889-28,Sonic the Hedgehog
69d81cdc-d04a-4eaa-8cd8-fdaae4954260,13991889,0,69d81cdc-d04a-4eaa-8cd8-fdaae4954260-13991889-29,Shazam!
01d4581e-5764-4597-aad9-46fadc47ae62,13991889,0,01d4581e-5764-4597-aad9-46fadc47ae62-13991889-3,The Batman
3894d7ea-04b7-446f-ac04-cd593e1b3951,13991889,0,3894d7ea-04b7-446f-ac04-cd593e1b3951-13991889-3,Fifty Shades of Grey
83efdedf-6e68-4546-a738-372cf0495ddb,13991889,0,83efdedf-6e68-4546-a738-372cf0495ddb-13991889-29,Wrath of Man
eddfb088-fcb9-4b7a-b385-f89891c70bb0,13991889,0,eddfb088-fcb9-4b7a-b385-f89891c70bb0-13991889-3,El Robo del Siglo
9adb5ec5-a5c7-4cc8-8b10-b69f8944bfbf,13991889,0,9adb5ec5-a5c7-4cc8-8b10-b69f8944bfbf-13991889-3,Oppenheimer
6edd950b-bdd3-49a6-89ca-b4b50ff2272c,13991889,0,6edd950b-bdd3-49a6-89ca-b4b50ff2272c-13991889-3,I Care a Lot
c9084c2b-bea2-4bbb-8e29-bdf22245d23b,13991889,0,c9084c2b-bea2-4bbb-8e29-bdf22245d23b-13991889-29,Cruella
266f2f39-0e5a-444e-9f1d-427ce0765cd0,13991889,0,266f2f39-0e5a-444e-9f1d-427ce0765cd0-13991889-29,Vivir dos veces
362ba83b-37da-45b8-b597-0816b2b02d3c,13991889,0,362ba83b-37da-45b8-b597-0816b2b02d3c-13991889-3,The Beanie Bubble
91e579c9-7b9f-49a2-b63b-1e165f79d50b,13991889,0,91e579c9-7b9f-49a2-b63b-1e165f79d50b-13991889-3,Soul
53a7de87-a4b4-45be-b204-11760412bbd5,13991889,0,53a7de87-a4b4-45be-b204-11760412bbd5-13991889-3,Venom: Let There Be Carnage
f084d17f-34c2-4e5e-a8db-e7c995c438d0,13991889,0,f084d17f-34c2-4e5e-a8db-e7c995c438d0-13991889-29,Спутник
55e0f002-e606-4b74-8caf-ae70138a6bb0,13991889,0,55e0f002-e606-4b74-8caf-ae70138a6bb0-13991889-3,Gran Turismo
aefb2fc2-75b2-4c73-8eaa-5729b794b025,13991889,0,aefb2fc2-75b2-4c73-8eaa-5729b794b025-13991889-28,Birds of Prey (and the Fantabulous Emancipation of One Harley Quinn)
40b1a8ca-b35c-451f-9dfd-2c4186bae401,13991889,0,40b1a8ca-b35c-451f-9dfd-2c4186bae401-13991889-3,Guardians of the Galaxy Vol. 3
08d3af1d-54fa-4646-9405-7ba9511a9bbe,13991889,0,08d3af1d-54fa-4646-9405-7ba9511a9bbe-13991889-1,"Ich seh, Ich seh"
b7c658cc-d561-4129-9b68-ddddc50547c7,13991889,0,b7c658cc-d561-4129-9b68-ddddc50547c7-13991889-3,Deadpool & Wolverine
fadbb018-b0e3-45be-aca4-59a817539996,13991889,0,fadbb018-b0e3-45be-aca4-59a817539996-13991889-3,The Flash
5549a61a-b33b-4002-b584-bca8c93e6d0a,13991889,0,5549a61a-b33b-4002-b584-bca8c93e6d0a-13991889-28,Escape Room
178f2d24-5ddc-482c-a841-22b0044a6edd,13991889,0,178f2d24-5ddc-482c-a841-22b0044a6edd-13991889-28,Unfriended: Dark Web
86376076-f75c-47af-aacd-cc7f0681b718,13991889,0,86376076-f75c-47af-aacd-cc7f0681b718-13991889-27,Ben 10: Alien Swarm
12dc85e6-701e-4c10-8d16-87e0846ebf3d,13991889,0,12dc85e6-701e-4c10-8d16-87e0846ebf3d-13991889-3,Lightyear
f47ca818-7f13-43ed-a4ca-0dcdab7372cd,13991889,0,f47ca818-7f13-43ed-a4ca-0dcdab7372cd-13991889-29,Dora and the Lost City of Gold
7acba47c-3a69-403a-8058-cf51b20fbeb7,13991889,0,7acba47c-3a69-403a-8058-cf51b20fbeb7-13991889-3,The Edge of Seventeen
63e60b10-630b-4b01-b95a-93ff0bd89bfe,13991889,0,63e60b10-630b-4b01-b95a-93ff0bd89bfe-13991889-3,Project Hail Mary
443eb839-2bb0-4743-9116-55b37647c102,13991889,0,443eb839-2bb0-4743-9116-55b37647c102-13991889-3,Ahí te encargo
9a801305-611e-4193-be03-e25893793ee7,13991889,0,9a801305-611e-4193-be03-e25893793ee7-13991889-3,Snack Shack
cad1eb2f-89b7-4e05-8006-f1ec5e9fcdbf,13991889,0,cad1eb2f-89b7-4e05-8006-f1ec5e9fcdbf-13991889-3,La Extorsión
378619be-c336-4907-8ebe-0e8081b33b35,13991889,0,378619be-c336-4907-8ebe-0e8081b33b35-13991889-28,The Witch
6f86edbb-c40d-457a-9da5-cc99fb49cf43,13991889,0,6f86edbb-c40d-457a-9da5-cc99fb49cf43-13991889-29,El hoyo
c12fdfb6-83e5-4763-89e6-72755c77a763,13991889,0,c12fdfb6-83e5-4763-89e6-72755c77a763-13991889-3,Steven Universe: The Movie
bb52ce42-a7e5-482c-8127-8a53283965ac,13991889,0,bb52ce42-a7e5-482c-8127-8a53283965ac-13991889-3,Inside Out 2
94d3fa95-f83d-42ad-ba65-06bfa022feb0,13991889,0,94d3fa95-f83d-42ad-ba65-06bfa022feb0-13991889-29,Insidious: The Red Door
c2ea512b-eb59-4301-812c-f6f292fc6c68,13991889,0,c2ea512b-eb59-4301-812c-f6f292fc6c68-13991889-3,The Hunger Games: The Ballad of Songbirds & Snakes
fb7709c5-f9c9-4838-8970-3c4b517989cb,13991889,0,fb7709c5-f9c9-4838-8970-3c4b517989cb-13991889-29,A Quiet Place Part II
23cbb3d9-91e5-4f0c-9d23-db249edc7ba3,13991889,0,23cbb3d9-91e5-4f0c-9d23-db249edc7ba3-13991889-28,One Day
28d66f14-4de1-43e5-aa06-3f7a718e9776,13991889,0,28d66f14-4de1-43e5-aa06-3f7a718e9776-13991889-1,The 100 Candles Game
73b2ad11-a9e0-4685-8a07-f149b9e2609c,13991889,0,73b2ad11-a9e0-4685-8a07-f149b9e2609c-13991889-3,The Simpsons Movie
55170f7a-c89f-422a-a1d6-6f0e658bbac8,13991889,0,55170f7a-c89f-422a-a1d6-6f0e658bbac8-13991889-3,僕のヒーローアカデミア THE MOVIE ヒーローズ:ライジング
ac4cd096-79df-42ab-8593-087d2e4fa3f3,13991889,0,ac4cd096-79df-42ab-8593-087d2e4fa3f3-13991889-3,BlackBerry
8a34831a-3e1e-4423-b3d8-099756ad4cb1,13991889,0,8a34831a-3e1e-4423-b3d8-099756ad4cb1-13991889-3,悟空外伝！勇気の証しは四星球
8b817b98-e287-4994-9caf-88a44592c6b8,13991889,0,8b817b98-e287-4994-9caf-88a44592c6b8-13991889-3,僕のヒーローアカデミア THE MOVIE ～2人の英雄～
16e91281-6914-47f5-aeb9-ed9633aded3d,13991889,0,16e91281-6914-47f5-aeb9-ed9633aded3d-13991889-29,Puss in Boots: The Last Wish
474257f3-9239-4375-b645-a8bc2aebc6cb,13991889,0,474257f3-9239-4375-b645-a8bc2aebc6cb-13991889-29,
7b224c12-ebc5-431c-8ed8-72d234d9d0ad,13991889,0,7b224c12-ebc5-431c-8ed8-72d234d9d0ad-13991889-29,The Adam Project
1b7364e3-7e66-4a16-9675-59b710a5df52,13991889,0,1b7364e3-7e66-4a16-9675-59b710a5df52-13991889-3,The Burial
2f6cfd70-9bc6-49f1-b8e7-469004bd11df,13991889,0,2f6cfd70-9bc6-49f1-b8e7-469004bd11df-13991889-3,Spider-Man: Across the Spider-Verse
5d422da9-8be5-452d-b013-7f26df6ad0b0,13991889,0,5d422da9-8be5-452d-b013-7f26df6ad0b0-13991889-3,OtherLife
45bb0395-1f4d-424c-b1dd-5b6d546693ca,13991889,0,45bb0395-1f4d-424c-b1dd-5b6d546693ca-13991889-3,Flamin' Hot
aa72ab5f-74ee-4eba-8aba-217e2c22ff9b,13991889,0,aa72ab5f-74ee-4eba-8aba-217e2c22ff9b-13991889-3,Coraline
32e7f2a3-0012-4b09-b250-36ac5e3e5595,13991889,0,32e7f2a3-0012-4b09-b250-36ac5e3e5595-13991889-29,A Quiet Place
29267b84-a5cd-4e25-b72f-5fc4b2adcd6b,13991889,0,29267b84-a5cd-4e25-b72f-5fc4b2adcd6b-13991889-29,Death at a Funeral
933b0f93-48f4-420c-97c5-b7d02a7bb284,13991889,0,933b0f93-48f4-420c-97c5-b7d02a7bb284-13991889-29,Annihilation
1f49fe0f-f7c4-44b3-945a-f6d2eee30892,13991889,0,1f49fe0f-f7c4-44b3-945a-f6d2eee30892-13991889-29,The New Mutants
a2f4f40e-e26c-4dbd-9bc3-1061df15f7f7,13991889,0,a2f4f40e-e26c-4dbd-9bc3-1061df15f7f7-13991889-3,Sausage Party
0c56835d-66c4-4710-b033-524403a27c50,13991889,0,0c56835d-66c4-4710-b033-524403a27c50-13991889-3,Legend
56a7695e-8b9e-4cf5-858f-7d8c73a5c673,13991889,0,56a7695e-8b9e-4cf5-858f-7d8c73a5c673-13991889-3,Unfrosted: The Pop-Tart Story
38588dcf-3073-4d37-ba66-c3dc740621be,13991889,0,38588dcf-3073-4d37-ba66-c3dc740621be-13991889-3,The Beekeeper
421f69c1-195e-433f-a64b-6191a3db7524,13991889,0,421f69c1-195e-433f-a64b-6191a3db7524-13991889-29,Time Trap
e3ae9a97-fdf0-44cf-b941-5b7a441fb23b,13991889,0,e3ae9a97-fdf0-44cf-b941-5b7a441fb23b-13991889-3,Death at a Funeral
5bf3985c-cdd2-4502-906e-e4f64bbefd06,13991889,0,5bf3985c-cdd2-4502-906e-e4f64bbefd06-13991889-29,Project Power
ec7e56de-b756-4691-908c-e5f994ec6a8b,13991889,0,ec7e56de-b756-4691-908c-e5f994ec6a8b-13991889-3,Ford v Ferrari
e7e2b37f-e746-4fbd-bde7-e7d1da6da104,13991889,0,e7e2b37f-e746-4fbd-bde7-e7d1da6da104-13991889-3,GOAT
46166a01-b4cf-41ec-8a3b-51e1adbe9c44,13991889,0,46166a01-b4cf-41ec-8a3b-51e1adbe9c44-13991889-3,Terminator: Dark Fate
99d8c03e-6d00-4b6f-8a2b-a2374c70a0dc,13991889,0,99d8c03e-6d00-4b6f-8a2b-a2374c70a0dc-13991889-28,It: Chapter Two
c4f2193b-f5d5-4dc5-aa47-71c10e414a21,13991889,0,c4f2193b-f5d5-4dc5-aa47-71c10e414a21-13991889-28,What Lies Below
a9c5e5f9-4b9d-4263-a494-df1e0307adaa,13991889,0,a9c5e5f9-4b9d-4263-a494-df1e0307adaa-13991889-3,On the Line
59232668-55b9-4a20-ad88-e6e009600e08,13991889,0,59232668-55b9-4a20-ad88-e6e009600e08-13991889-3,Dog
1d0f574b-a686-48c2-8a90-e3fa718ed169,13991889,0,1d0f574b-a686-48c2-8a90-e3fa718ed169-13991889-27,The Dead Don't Die
48cb4a00-f2a6-4965-bb34-fca47a3d8193,13991889,0,48cb4a00-f2a6-4965-bb34-fca47a3d8193-13991889-29,Flatliners
0f5723b2-f687-4fa2-89bd-c27d9f895c0b,13991889,0,0f5723b2-f687-4fa2-89bd-c27d9f895c0b-13991889-29,Jojo Rabbit
bdb1ca3e-5529-4045-b8fd-f9671e3402f5,13991889,0,bdb1ca3e-5529-4045-b8fd-f9671e3402f5-13991889-3,Vampires Suck
1cc095b8-64b8-4709-9122-512d5e65ecb6,13991889,0,1cc095b8-64b8-4709-9122-512d5e65ecb6-13991889-3,The Wolf of Wall Street
7b0435f7-2ee4-49dd-b9d2-4793e7c2ac67,13991889,0,7b0435f7-2ee4-49dd-b9d2-4793e7c2ac67-13991889-29,Dolittle
14f33354-bc8d-498c-88c7-942e6d0bddee,13991889,0,14f33354-bc8d-498c-88c7-942e6d0bddee-13991889-3,Harry Potter and the Philosopher's Stone
