user_id,episode_id,vote_key,series_name,season_number,episode_number
13991889,155935,155935-13991889-3,Avatar: The Last Airbender,1,1
13991889,155936,155936-13991889-3,Avatar: The Last Airbender,1,2
13991889,155937,155937-13991889-3,Avatar: The Last Airbender,1,3
13991889,155938,155938-13991889-3,Avatar: The Last Airbender,1,4
13991889,155947,155947-13991889-3,Avatar: The Last Airbender,1,14
13991889,295482,295482-13991889-3,Avatar: The Last Airbender,1,13
13991889,295483,295483-13991889-3,Avatar: The Last Airbender,1,17
13991889,296054,296054-13991889-3,Drawn Together,1,1
13991889,300635,300635-13991889-3,Avatar: The Last Airbender,1,15
13991889,301701,301701-13991889-3,Avatar: The Last Airbender,1,18
13991889,301702,301702-13991889-3,Avatar: The Last Airbender,1,19
13991889,301703,301703-13991889-3,Avatar: The Last Airbender,1,20
13991889,2062411,2062411-13991889-3,Breaking Bad,3,10
13991889,4077754,4077754-13991889-3,Suits,1,1
13991889,4123350,4123350-13991889-5,Breaking Bad,4,4
13991889,4123351,4123351-13991889-4,Breaking Bad,4,5
13991889,4123351,4123351-13991889-5,Breaking Bad,4,5
13991889,4645420,4645420-13991889-3,Peaky Blinders,1,1
13991889,4652814,4652814-13991889-3,Peaky Blinders,1,2
13991889,4656695,4656695-13991889-3,Peaky Blinders,1,3
13991889,4663020,4663020-13991889-5,Better Call Saul,1,1
13991889,4663020,4663020-13991889-3,Better Call Saul,1,1
13991889,4664717,4664717-13991889-3,Peaky Blinders,1,4
13991889,4664718,4664718-13991889-3,Peaky Blinders,1,5
13991889,4678152,4678152-13991889-3,Peaky Blinders,1,6
13991889,4765079,4765079-13991889-3,Silicon Valley,1,1
13991889,4794504,4794504-13991889-3,Silicon Valley,1,2
13991889,4794505,4794505-13991889-3,Silicon Valley,1,3
13991889,4794506,4794506-13991889-3,Silicon Valley,1,4
13991889,4794507,4794507-13991889-3,Silicon Valley,1,5
13991889,4794508,4794508-13991889-3,Silicon Valley,1,6
13991889,4794509,4794509-13991889-3,Silicon Valley,1,7
13991889,4822932,4822932-13991889-3,Silicon Valley,1,8
13991889,4921347,4921347-13991889-3,Akame ga Kill!,1,15
13991889,4921348,4921348-13991889-3,Akame ga Kill!,1,16
13991889,4921349,4921349-13991889-3,Akame ga Kill!,1,17
13991889,4942078,4942078-13991889-3,The Seven Deadly Sins,1,1
13991889,4998139,4998139-13991889-3,Peaky Blinders,2,1
13991889,5005121,5005121-13991889-3,Peaky Blinders,2,2
13991889,5008790,5008790-13991889-3,Peaky Blinders,2,3
13991889,5008792,5008792-13991889-3,Peaky Blinders,2,4
13991889,5008793,5008793-13991889-3,Peaky Blinders,2,5
13991889,5008794,5008794-13991889-3,Peaky Blinders,2,6
13991889,5054192,5054192-13991889-3,Better Call Saul,1,2
13991889,5054193,5054193-13991889-3,Better Call Saul,1,3
13991889,5077068,5077068-13991889-3,Mr. Robot,1,1
13991889,5077987,5077987-13991889-3,iZombie,1,1
13991889,5077988,5077988-13991889-3,iZombie,1,2
13991889,5077989,5077989-13991889-3,iZombie,1,3
13991889,5077990,5077990-13991889-3,iZombie,1,4
13991889,5077991,5077991-13991889-3,iZombie,1,5
13991889,5077992,5077992-13991889-3,iZombie,1,6
13991889,5077993,5077993-13991889-3,iZombie,1,7
13991889,5077994,5077994-13991889-3,iZombie,1,8
13991889,5077995,5077995-13991889-3,iZombie,1,9
13991889,5077996,5077996-13991889-3,iZombie,1,10
13991889,5077997,5077997-13991889-3,iZombie,1,11
13991889,5090203,5090203-13991889-3,Star vs. the Forces of Evil,1,1
13991889,5091616,5091616-13991889-3,Silicon Valley,2,1
13991889,5099554,5099554-13991889-3,iZombie,1,12
13991889,5114293,5114293-13991889-3,Better Call Saul,1,4
13991889,5114294,5114294-13991889-3,Better Call Saul,1,5
13991889,5123381,5123381-13991889-3,iZombie,1,13
13991889,5126774,5126774-13991889-3,Better Call Saul,1,6
13991889,5126775,5126775-13991889-3,Better Call Saul,1,7
13991889,5126776,5126776-13991889-3,Better Call Saul,1,8
13991889,5126777,5126777-13991889-3,Better Call Saul,1,9
13991889,5126778,5126778-13991889-3,Better Call Saul,1,10
13991889,5141243,5141243-13991889-3,Star vs. the Forces of Evil,1,3
13991889,5148405,5148405-13991889-3,Silicon Valley,2,2
13991889,5148406,5148406-13991889-3,Silicon Valley,2,3
13991889,5148407,5148407-13991889-3,Silicon Valley,2,4
13991889,5173461,5173461-13991889-3,Star vs. the Forces of Evil,1,5
13991889,5173463,5173463-13991889-3,Star vs. the Forces of Evil,1,7
13991889,5173465,5173465-13991889-3,Star vs. the Forces of Evil,1,9
13991889,5195798,5195798-13991889-3,Silicon Valley,2,5
13991889,5195799,5195799-13991889-3,Silicon Valley,2,6
13991889,5195800,5195800-13991889-3,Silicon Valley,2,7
13991889,5195801,5195801-13991889-3,Silicon Valley,2,8
13991889,5196851,5196851-13991889-3,Silicon Valley,2,9
13991889,5196852,5196852-13991889-3,Silicon Valley,2,10
13991889,5240604,5240604-13991889-3,Mr. Robot,1,2
13991889,5240605,5240605-13991889-3,Mr. Robot,1,3
13991889,5240606,5240606-13991889-3,Mr. Robot,1,4
13991889,5240607,5240607-13991889-3,Mr. Robot,1,5
13991889,5240610,5240610-13991889-3,Mr. Robot,1,6
13991889,5240613,5240613-13991889-3,Mr. Robot,1,7
13991889,5240615,5240615-13991889-3,Mr. Robot,1,8
13991889,5240616,5240616-13991889-3,Mr. Robot,1,9
13991889,5240617,5240617-13991889-3,Mr. Robot,1,10
13991889,5242892,5242892-13991889-3,Star vs. the Forces of Evil,1,11
13991889,5242894,5242894-13991889-3,Star vs. the Forces of Evil,1,13
13991889,5242895,5242895-13991889-3,Star vs. the Forces of Evil,1,14
13991889,5259807,5259807-13991889-3,Star vs. the Forces of Evil,1,15
13991889,5259808,5259808-13991889-3,Star vs. the Forces of Evil,1,16
13991889,5259809,5259809-13991889-3,Star vs. the Forces of Evil,1,17
13991889,5259810,5259810-13991889-3,Star vs. the Forces of Evil,1,18
13991889,5260565,5260565-13991889-3,iZombie,2,1
13991889,5293346,5293346-13991889-3,Star vs. the Forces of Evil,1,19
13991889,5293347,5293347-13991889-3,Star vs. the Forces of Evil,1,20
13991889,5293348,5293348-13991889-3,Star vs. the Forces of Evil,1,21
13991889,5293349,5293349-13991889-3,Star vs. the Forces of Evil,1,22
13991889,5313320,5313320-13991889-3,Star vs. the Forces of Evil,1,23
13991889,5313321,5313321-13991889-3,Star vs. the Forces of Evil,1,24
13991889,5317048,5317048-13991889-3,iZombie,2,2
13991889,5317049,5317049-13991889-3,iZombie,2,3
13991889,5317050,5317050-13991889-3,iZombie,2,4
13991889,5372956,5372956-13991889-3,iZombie,2,5
13991889,5380137,5380137-13991889-3,iZombie,2,6
13991889,5390299,5390299-13991889-3,iZombie,2,7
13991889,5401445,5401445-13991889-3,iZombie,2,8
13991889,5412129,5412129-13991889-3,iZombie,2,9
13991889,5427452,5427452-13991889-3,Better Call Saul,2,1
13991889,5434306,5434306-13991889-3,iZombie,2,10
13991889,5444157,5444157-13991889-3,Silicon Valley,3,1
13991889,5455767,5455767-13991889-3,iZombie,2,11
13991889,5487171,5487171-13991889-3,iZombie,2,12
13991889,5493954,5493954-13991889-3,Silicon Valley,3,2
13991889,5493955,5493955-13991889-3,Silicon Valley,3,3
13991889,5493956,5493956-13991889-3,Silicon Valley,3,4
13991889,5493957,5493957-13991889-3,Silicon Valley,3,5
13991889,5493958,5493958-13991889-3,Silicon Valley,3,6
13991889,5495121,5495121-13991889-3,Peaky Blinders,3,1
13991889,5495122,5495122-13991889-3,Peaky Blinders,3,2
13991889,5495123,5495123-13991889-3,Peaky Blinders,3,3
13991889,5495124,5495124-13991889-3,Peaky Blinders,3,4
13991889,5495125,5495125-13991889-3,Peaky Blinders,3,5
13991889,5495126,5495126-13991889-3,Peaky Blinders,3,6
13991889,5496190,5496190-13991889-3,iZombie,2,13
13991889,5504333,5504333-13991889-3,iZombie,2,14
13991889,5506131,5506131-13991889-3,Better Call Saul,2,2
13991889,5506132,5506132-13991889-3,Better Call Saul,2,3
13991889,5511953,5511953-13991889-3,iZombie,2,15
13991889,5533364,5533364-13991889-3,Better Call Saul,2,4
13991889,5537897,5537897-13991889-3,Better Call Saul,2,5
13991889,5538565,5538565-13991889-3,Better Call Saul,2,6
13991889,5544537,5544537-13991889-3,iZombie,2,16
13991889,5551774,5551774-13991889-3,Better Call Saul,2,7
13991889,5553130,5553130-13991889-3,iZombie,2,17
13991889,5553665,5553665-13991889-3,Better Call Saul,2,8
13991889,5553666,5553666-13991889-3,Better Call Saul,2,9
13991889,5553667,5553667-13991889-3,Better Call Saul,2,10
13991889,5560086,5560086-13991889-3,iZombie,2,18
13991889,5560087,5560087-13991889-3,iZombie,2,19
13991889,5588492,5588492-13991889-3,Mr. Robot,2,1
13991889,5598486,5598486-13991889-3,Silicon Valley,3,7
13991889,5598487,5598487-13991889-3,Silicon Valley,3,8
13991889,5598488,5598488-13991889-3,Silicon Valley,3,9
13991889,5598489,5598489-13991889-3,Silicon Valley,3,10
13991889,5632039,5632039-13991889-3,Star vs. the Forces of Evil,2,1
13991889,5648919,5648919-13991889-3,Mr. Robot,2,3
13991889,5648920,5648920-13991889-3,Mr. Robot,2,4
13991889,5656559,5656559-13991889-3,Mr. Robot,2,2
13991889,5665653,5665653-13991889-3,Star vs. the Forces of Evil,2,2
13991889,5665654,5665654-13991889-3,Star vs. the Forces of Evil,2,3
13991889,5665655,5665655-13991889-3,Star vs. the Forces of Evil,2,4
13991889,5665656,5665656-13991889-3,Star vs. the Forces of Evil,2,5
13991889,5665657,5665657-13991889-3,Star vs. the Forces of Evil,2,6
13991889,5669633,5669633-13991889-3,Mr. Robot,2,5
13991889,5669634,5669634-13991889-3,Mr. Robot,2,6
13991889,5669636,5669636-13991889-3,Mr. Robot,2,7
13991889,5669639,5669639-13991889-3,Mr. Robot,2,8
13991889,5669642,5669642-13991889-3,Mr. Robot,2,9
13991889,5669646,5669646-13991889-3,Mr. Robot,2,10
13991889,5670309,5670309-13991889-3,Mr. Robot,2,11
13991889,5670310,5670310-13991889-3,Mr. Robot,2,12
13991889,5678094,5678094-13991889-3,Star vs. the Forces of Evil,2,7
13991889,5678097,5678097-13991889-3,Star vs. the Forces of Evil,2,8
13991889,5678104,5678104-13991889-3,Star vs. the Forces of Evil,2,9
13991889,5678105,5678105-13991889-3,Star vs. the Forces of Evil,2,10
13991889,5678106,5678106-13991889-3,Star vs. the Forces of Evil,2,11
13991889,5678107,5678107-13991889-3,Star vs. the Forces of Evil,2,12
13991889,5682080,5682080-13991889-3,Travelers (2016),1,1
13991889,5682081,5682081-13991889-3,Travelers (2016),1,2
13991889,5682082,5682082-13991889-3,Travelers (2016),1,3
13991889,5682083,5682083-13991889-3,Travelers (2016),1,4
13991889,5682084,5682084-13991889-3,Travelers (2016),1,5
13991889,5682085,5682085-13991889-3,Travelers (2016),1,6
13991889,5682086,5682086-13991889-3,Travelers (2016),1,7
13991889,5682087,5682087-13991889-3,Travelers (2016),1,8
13991889,5682088,5682088-13991889-3,Travelers (2016),1,9
13991889,5682089,5682089-13991889-3,Travelers (2016),1,10
13991889,5682090,5682090-13991889-3,Travelers (2016),1,11
13991889,5682091,5682091-13991889-3,Travelers (2016),1,12
13991889,5689239,5689239-13991889-3,iZombie,3,1
13991889,5700822,5700822-13991889-3,iZombie,3,2
13991889,5709764,5709764-13991889-3,Star vs. the Forces of Evil,2,13
13991889,5709765,5709765-13991889-3,Star vs. the Forces of Evil,2,14
13991889,5709766,5709766-13991889-3,Star vs. the Forces of Evil,2,15
13991889,5709767,5709767-13991889-3,Star vs. the Forces of Evil,2,16
13991889,5709769,5709769-13991889-3,Star vs. the Forces of Evil,2,17
13991889,5709770,5709770-13991889-3,Star vs. the Forces of Evil,2,18
13991889,5747577,5747577-13991889-3,Star vs. the Forces of Evil,2,19
13991889,5747578,5747578-13991889-3,Star vs. the Forces of Evil,2,20
13991889,5747579,5747579-13991889-3,Star vs. the Forces of Evil,2,21
13991889,5747580,5747580-13991889-3,Star vs. the Forces of Evil,2,22
13991889,5763872,5763872-13991889-3,iZombie,3,3
13991889,5763873,5763873-13991889-3,iZombie,3,4
13991889,5763874,5763874-13991889-3,iZombie,3,5
13991889,5763875,5763875-13991889-3,iZombie,3,6
13991889,5796192,5796192-13991889-3,Star vs. the Forces of Evil,2,23
13991889,5796193,5796193-13991889-3,Star vs. the Forces of Evil,2,24
13991889,5827336,5827336-13991889-3,Star vs. the Forces of Evil,2,25
13991889,5827340,5827340-13991889-3,Star vs. the Forces of Evil,2,26
13991889,5827343,5827343-13991889-3,Star vs. the Forces of Evil,2,27
13991889,5860837,5860837-13991889-3,Star vs. the Forces of Evil,2,28
13991889,5865496,5865496-13991889-3,iZombie,3,7
13991889,5907283,5907283-13991889-3,Better Call Saul,3,1
13991889,5940806,5940806-13991889-3,iZombie,3,9
13991889,5940807,5940807-13991889-3,iZombie,3,12
13991889,5940808,5940808-13991889-3,iZombie,3,13
13991889,5942775,5942775-13991889-3,Star vs. the Forces of Evil,2,29
13991889,5942776,5942776-13991889-3,Star vs. the Forces of Evil,2,30
13991889,5942777,5942777-13991889-3,Star vs. the Forces of Evil,2,31
13991889,5942778,5942778-13991889-3,Star vs. the Forces of Evil,2,32
13991889,5942779,5942779-13991889-3,Star vs. the Forces of Evil,2,33
13991889,5942780,5942780-13991889-3,Star vs. the Forces of Evil,2,34
13991889,5942781,5942781-13991889-3,Star vs. the Forces of Evil,2,35
13991889,5942782,5942782-13991889-3,Star vs. the Forces of Evil,2,36
13991889,5942783,5942783-13991889-3,Star vs. the Forces of Evil,2,37
13991889,5942784,5942784-13991889-3,Star vs. the Forces of Evil,2,38
13991889,5942785,5942785-13991889-3,Star vs. the Forces of Evil,2,39
13991889,5942786,5942786-13991889-3,Star vs. the Forces of Evil,2,40
13991889,5942787,5942787-13991889-3,Star vs. the Forces of Evil,2,41
13991889,5947374,5947374-13991889-3,iZombie,3,8
13991889,5947375,5947375-13991889-3,iZombie,3,10
13991889,5947377,5947377-13991889-3,iZombie,3,11
13991889,5964673,5964673-13991889-3,Silicon Valley,4,1
13991889,5978808,5978808-13991889-3,Attack on Titan,2,1
13991889,5999993,5999993-13991889-3,Silicon Valley,4,2
13991889,6003195,6003195-13991889-3,Mr. Robot,3,1
13991889,6023980,6023980-13991889-3,Better Call Saul,3,2
13991889,6023981,6023981-13991889-3,Better Call Saul,3,3
13991889,6023986,6023986-13991889-3,Better Call Saul,3,4
13991889,6023992,6023992-13991889-3,Better Call Saul,3,5
13991889,6023998,6023998-13991889-3,Better Call Saul,3,6
13991889,6024000,6024000-13991889-3,Better Call Saul,3,7
13991889,6024002,6024002-13991889-3,Better Call Saul,3,8
13991889,6024003,6024003-13991889-3,Better Call Saul,3,9
13991889,6024007,6024007-13991889-3,Better Call Saul,3,10
13991889,6027683,6027683-13991889-3,Silicon Valley,4,3
13991889,6027684,6027684-13991889-3,Silicon Valley,4,4
13991889,6028372,6028372-13991889-3,Attack on Titan,2,2
13991889,6056602,6056602-13991889-3,Silicon Valley,4,5
13991889,6056603,6056603-13991889-3,Silicon Valley,4,6
13991889,6056604,6056604-13991889-3,Silicon Valley,4,7
13991889,6056605,6056605-13991889-3,Silicon Valley,4,8
13991889,6066834,6066834-13991889-3,Silicon Valley,4,9
13991889,6081570,6081570-13991889-3,Silicon Valley,4,10
13991889,6125438,6125438-13991889-27,Classroom of the Elite,1,1
13991889,6141712,6141712-13991889-3,Mr. Robot,3,2
13991889,6141713,6141713-13991889-3,Mr. Robot,3,3
13991889,6141714,6141714-13991889-3,Mr. Robot,3,4
13991889,6141715,6141715-13991889-3,Mr. Robot,3,5
13991889,6141716,6141716-13991889-3,Mr. Robot,3,6
13991889,6141717,6141717-13991889-3,Mr. Robot,3,7
13991889,6141718,6141718-13991889-3,Mr. Robot,3,8
13991889,6141719,6141719-13991889-3,Mr. Robot,3,9
13991889,6141720,6141720-13991889-3,Mr. Robot,3,10
13991889,6164529,6164529-13991889-3,Star vs. the Forces of Evil,3,1
13991889,6169630,6169630-13991889-3,Peaky Blinders,4,1
13991889,6184622,6184622-13991889-3,Star vs. the Forces of Evil,3,2
13991889,6184623,6184623-13991889-3,Star vs. the Forces of Evil,3,3
13991889,6184624,6184624-13991889-3,Star vs. the Forces of Evil,3,4
13991889,6184625,6184625-13991889-3,Star vs. the Forces of Evil,3,5
13991889,6184626,6184626-13991889-3,Star vs. the Forces of Evil,3,6
13991889,6184627,6184627-13991889-3,Star vs. the Forces of Evil,3,7
13991889,6218771,6218771-13991889-3,Final Space,1,1
13991889,6238807,6238807-13991889-3,Travelers (2016),2,1
13991889,6247579,6247579-13991889-3,iZombie,4,1
13991889,6259443,6259443-13991889-3,iZombie,4,2
13991889,6279551,6279551-13991889-3,iZombie,4,3
13991889,6279552,6279552-13991889-3,iZombie,4,4
13991889,6304546,6304546-13991889-3,The Alienist,1,1
13991889,6317438,6317438-13991889-3,iZombie,4,5
13991889,6317439,6317439-13991889-3,iZombie,4,6
13991889,6317440,6317440-13991889-3,iZombie,4,7
13991889,6354245,6354245-13991889-3,Star vs. the Forces of Evil,3,8
13991889,6354247,6354247-13991889-3,Star vs. the Forces of Evil,3,9
13991889,6354267,6354267-13991889-3,Star vs. the Forces of Evil,3,10
13991889,6354274,6354274-13991889-3,Star vs. the Forces of Evil,3,11
13991889,6354276,6354276-13991889-3,Star vs. the Forces of Evil,3,12
13991889,6354280,6354280-13991889-3,Star vs. the Forces of Evil,3,13
13991889,6354283,6354283-13991889-3,Star vs. the Forces of Evil,3,14
13991889,6354285,6354285-13991889-3,Star vs. the Forces of Evil,3,15
13991889,6354286,6354286-13991889-3,Star vs. the Forces of Evil,3,16
13991889,6354287,6354287-13991889-3,Star vs. the Forces of Evil,3,17
13991889,6354288,6354288-13991889-3,Star vs. the Forces of Evil,3,19
13991889,6354291,6354291-13991889-3,Star vs. the Forces of Evil,3,18
13991889,6354292,6354292-13991889-3,Star vs. the Forces of Evil,3,20
13991889,6354294,6354294-13991889-3,Star vs. the Forces of Evil,3,21
13991889,6354295,6354295-13991889-3,Star vs. the Forces of Evil,3,22
13991889,6354296,6354296-13991889-3,Star vs. the Forces of Evil,3,23
13991889,6354297,6354297-13991889-3,Star vs. the Forces of Evil,3,24
13991889,6366744,6366744-13991889-3,Travelers (2016),2,2
13991889,6367720,6367720-13991889-3,Travelers (2016),2,3
13991889,6367721,6367721-13991889-3,Travelers (2016),2,4
13991889,6367722,6367722-13991889-3,Travelers (2016),2,5
13991889,6367723,6367723-13991889-3,Travelers (2016),2,6
13991889,6367724,6367724-13991889-3,Travelers (2016),2,7
13991889,6367725,6367725-13991889-3,Travelers (2016),2,8
13991889,6367726,6367726-13991889-3,Travelers (2016),2,9
13991889,6378506,6378506-13991889-3,Travelers (2016),2,10
13991889,6378507,6378507-13991889-3,Travelers (2016),2,11
13991889,6378508,6378508-13991889-3,Travelers (2016),2,12
13991889,6379885,6379885-13991889-3,The End of the F***ing World,1,8
13991889,6390356,6390356-13991889-3,Peaky Blinders,4,2
13991889,6390357,6390357-13991889-3,Peaky Blinders,4,3
13991889,6390358,6390358-13991889-3,Peaky Blinders,4,4
13991889,6390360,6390360-13991889-3,Peaky Blinders,4,5
13991889,6390361,6390361-13991889-3,Peaky Blinders,4,6
13991889,6404215,6404215-13991889-3,iZombie,4,9
13991889,6408255,6408255-13991889-3,Star vs. the Forces of Evil,3,25
13991889,6408257,6408257-13991889-3,Star vs. the Forces of Evil,3,26
13991889,6412771,6412771-13991889-29,Good Girls,1,1
13991889,6417510,6417510-13991889-3,Star vs. the Forces of Evil,1,2
13991889,6417511,6417511-13991889-3,Star vs. the Forces of Evil,1,6
13991889,6417537,6417537-13991889-3,Star vs. the Forces of Evil,1,4
13991889,6417540,6417540-13991889-3,Star vs. the Forces of Evil,1,8
13991889,6417544,6417544-13991889-3,Star vs. the Forces of Evil,1,10
13991889,6417545,6417545-13991889-3,Star vs. the Forces of Evil,1,12
13991889,6447045,6447045-13991889-3,iZombie,4,10
13991889,6447046,6447046-13991889-3,iZombie,4,11
13991889,6447047,6447047-13991889-3,iZombie,4,8
13991889,6476842,6476842-13991889-3,Silicon Valley,5,1
13991889,6494951,6494951-13991889-3,iZombie,4,12
13991889,6507765,6507765-13991889-3,Star vs. the Forces of Evil,3,27
13991889,6507768,6507768-13991889-3,Star vs. the Forces of Evil,3,28
13991889,6537947,6537947-13991889-3,Final Space,1,2
13991889,6538304,6538304-13991889-3,The 100,5,13
13991889,6547722,6547722-13991889-3,Star vs. the Forces of Evil,3,29
13991889,6547723,6547723-13991889-3,Star vs. the Forces of Evil,3,30
13991889,6547735,6547735-13991889-3,Star vs. the Forces of Evil,3,31
13991889,6547738,6547738-13991889-3,Star vs. the Forces of Evil,3,32
13991889,6547740,6547740-13991889-3,Star vs. the Forces of Evil,3,33
13991889,6547744,6547744-13991889-3,Star vs. the Forces of Evil,3,34
13991889,6547747,6547747-13991889-3,Star vs. the Forces of Evil,3,35
13991889,6547749,6547749-13991889-3,Star vs. the Forces of Evil,3,36
13991889,6547760,6547760-13991889-3,Star vs. the Forces of Evil,3,37
13991889,6547773,6547773-13991889-3,Star vs. the Forces of Evil,3,38
13991889,6563912,6563912-13991889-3,Final Space,1,3
13991889,6563913,6563913-13991889-3,Final Space,1,4
13991889,6563915,6563915-13991889-3,Final Space,1,5
13991889,6563916,6563916-13991889-3,Final Space,1,6
13991889,6579623,6579623-13991889-3,Silicon Valley,5,2
13991889,6579624,6579624-13991889-3,Silicon Valley,5,3
13991889,6580217,6580217-13991889-3,Final Space,1,7
13991889,6580218,6580218-13991889-3,Final Space,1,8
13991889,6580219,6580219-13991889-3,Final Space,1,9
13991889,6580220,6580220-13991889-3,Final Space,1,10
13991889,6587066,6587066-13991889-3,Silicon Valley,5,4
13991889,6601824,6601824-13991889-3,Titans (2018),1,1
13991889,6606162,6606162-13991889-3,Star vs. the Forces of Evil,4,1
13991889,6611266,6611266-13991889-3,Silicon Valley,5,5
13991889,6611267,6611267-13991889-3,Silicon Valley,5,6
13991889,6619954,6619954-13991889-3,iZombie,4,13
13991889,6642301,6642301-13991889-3,Silicon Valley,5,7
13991889,6642302,6642302-13991889-3,Silicon Valley,5,8
13991889,6671804,6671804-13991889-20,Elite,1,8
13991889,6709632,6709632-13991889-3,Better Call Saul,4,1
13991889,6757076,6757076-13991889-3,Better Call Saul,4,2
13991889,6757077,6757077-13991889-3,Better Call Saul,4,3
13991889,6757078,6757078-13991889-3,Better Call Saul,4,4
13991889,6757079,6757079-13991889-3,Better Call Saul,4,5
13991889,6782557,6782557-13991889-3,Better Call Saul,4,6
13991889,6782558,6782558-13991889-3,Better Call Saul,4,7
13991889,6783470,6783470-13991889-3,Better Call Saul,4,8
13991889,6783471,6783471-13991889-3,Better Call Saul,4,9
13991889,6783472,6783472-13991889-3,Better Call Saul,4,10
13991889,6785212,6785212-13991889-3,The 100,6,1
13991889,6790744,6790744-13991889-19,DC's Legends of Tomorrow,4,4
13991889,6792119,6792119-13991889-3,The 100,6,2
13991889,6794675,6794675-13991889-20,The Flash (2014),5,3
13991889,6794677,6794677-13991889-19,The Flash (2014),5,4
13991889,6794679,6794679-13991889-20,The Flash (2014),5,5
13991889,6814864,6814864-13991889-3,iZombie,5,1
13991889,6814866,6814866-13991889-3,iZombie,5,2
13991889,6814868,6814868-13991889-3,iZombie,5,3
13991889,6881113,6881113-13991889-20,The Flash (2014),5,9
13991889,6881113,6881113-13991889-17,The Flash (2014),5,9
13991889,6885898,6885898-13991889-20,The Flash (2014),5,8
13991889,6902999,6902999-13991889-3,Travelers (2016),3,1
13991889,6939913,6939913-13991889-3,Travelers (2016),3,2
13991889,6939914,6939914-13991889-3,Travelers (2016),3,3
13991889,6939915,6939915-13991889-3,Travelers (2016),3,4
13991889,6939916,6939916-13991889-3,Travelers (2016),3,5
13991889,7044945,7044945-13991889-3,Star vs. the Forces of Evil,4,2
13991889,7044948,7044948-13991889-3,Star vs. the Forces of Evil,4,3
13991889,7044950,7044950-13991889-3,Star vs. the Forces of Evil,4,4
13991889,7044952,7044952-13991889-3,Star vs. the Forces of Evil,4,5
13991889,7044953,7044953-13991889-3,Star vs. the Forces of Evil,4,6
13991889,7044954,7044954-13991889-3,Star vs. the Forces of Evil,4,7
13991889,7044955,7044955-13991889-3,Star vs. the Forces of Evil,4,8
13991889,7044957,7044957-13991889-3,Star vs. the Forces of Evil,4,9
13991889,7044961,7044961-13991889-3,Star vs. the Forces of Evil,4,10
13991889,7044963,7044963-13991889-3,Star vs. the Forces of Evil,4,11
13991889,7044964,7044964-13991889-3,Star vs. the Forces of Evil,4,12
13991889,7044966,7044966-13991889-3,Star vs. the Forces of Evil,4,13
13991889,7061640,7061640-13991889-3,Happy!,2,10
13991889,7085504,7085504-13991889-3,The Flash (2014),5,17
13991889,7113115,7113115-13991889-3,Star vs. the Forces of Evil,4,14
13991889,7113117,7113117-13991889-3,Star vs. the Forces of Evil,4,15
13991889,7113118,7113118-13991889-3,Star vs. the Forces of Evil,4,16
13991889,7113119,7113119-13991889-3,Star vs. the Forces of Evil,4,17
13991889,7113123,7113123-13991889-3,Star vs. the Forces of Evil,4,18
13991889,7113125,7113125-13991889-3,Star vs. the Forces of Evil,4,19
13991889,7113127,7113127-13991889-3,Star vs. the Forces of Evil,4,20
13991889,7113128,7113128-13991889-3,Star vs. the Forces of Evil,4,21
13991889,7113132,7113132-13991889-3,Star vs. the Forces of Evil,4,22
13991889,7113137,7113137-13991889-3,Star vs. the Forces of Evil,4,23
13991889,7113138,7113138-13991889-3,Star vs. the Forces of Evil,4,24
13991889,7113142,7113142-13991889-3,Star vs. the Forces of Evil,4,25
13991889,7113161,7113161-13991889-3,Star vs. the Forces of Evil,4,26
13991889,7113166,7113166-13991889-3,Star vs. the Forces of Evil,4,27
13991889,7113171,7113171-13991889-3,Star vs. the Forces of Evil,4,28
13991889,7118392,7118392-13991889-3,Star vs. the Forces of Evil,4,29
13991889,7118394,7118394-13991889-3,Star vs. the Forces of Evil,4,30
13991889,7118396,7118396-13991889-3,Star vs. the Forces of Evil,4,31
13991889,7118398,7118398-13991889-3,Star vs. the Forces of Evil,4,32
13991889,7118398,7118398-13991889-29,Star vs. the Forces of Evil,4,32
13991889,7118400,7118400-13991889-3,Star vs. the Forces of Evil,4,33
13991889,7118401,7118401-13991889-3,Star vs. the Forces of Evil,4,34
13991889,7118402,7118402-13991889-3,Star vs. the Forces of Evil,4,35
13991889,7118403,7118403-13991889-3,Star vs. the Forces of Evil,4,36
13991889,7118404,7118404-13991889-3,Star vs. the Forces of Evil,4,37
13991889,7122169,7122169-13991889-3,Demon Slayer: Kimetsu no Yaiba,1,1
13991889,7152841,7152841-13991889-3,Young Sheldon,2,21
13991889,7159480,7159480-13991889-3,The Flash (2014),5,22
13991889,7159487,7159487-13991889-3,The 100,6,3
13991889,7171864,7171864-13991889-3,The Rook,1,1
13991889,7172420,7172420-13991889-3,The 100,6,4
13991889,7178663,7178663-13991889-3,The Rain,2,2
13991889,7179417,7179417-13991889-3,The 100,6,5
13991889,7185733,7185733-13991889-3,Black Mirror,5,3
13991889,7187608,7187608-13991889-3,iZombie,5,4
13991889,7187610,7187610-13991889-3,iZombie,5,5
13991889,7192545,7192545-13991889-3,Black Mirror,5,2
13991889,7192711,7192711-13991889-3,Black Mirror,5,1
13991889,7201770,7201770-13991889-3,The Rook,1,2
13991889,7201771,7201771-13991889-3,The Rook,1,3
13991889,7201772,7201772-13991889-3,The Rook,1,4
13991889,7209811,7209811-13991889-3,The 100,6,6
13991889,7212477,7212477-13991889-3,Final Space,2,1
13991889,7212646,7212646-13991889-3,Final Space,2,2
13991889,7212647,7212647-13991889-3,Final Space,2,3
13991889,7213811,7213811-13991889-3,iZombie,5,6
13991889,7213812,7213812-13991889-3,iZombie,5,7
13991889,7214387,7214387-13991889-3,The Rook,1,5
13991889,7225057,7225057-13991889-3,The Rook,1,6
13991889,7233272,7233272-13991889-3,iZombie,5,8
13991889,7233275,7233275-13991889-3,iZombie,5,9
13991889,7240965,7240965-13991889-3,Batwoman,1,1
13991889,7240976,7240976-13991889-3,Black Lightning,3,1
13991889,7253908,7253908-13991889-3,iZombie,5,10
13991889,7253909,7253909-13991889-3,iZombie,5,11
13991889,7260619,7260619-13991889-3,Final Space,2,4
13991889,7267919,7267919-13991889-3,The Rook,1,8
13991889,7267920,7267920-13991889-3,The Rook,1,7
13991889,7273119,7273119-13991889-3,Final Space,2,5
13991889,7273123,7273123-13991889-3,iZombie,5,12
13991889,7276018,7276018-13991889-3,Final Space,2,6
13991889,7276490,7276490-13991889-3,iZombie,5,13
13991889,7296647,7296647-13991889-3,Final Space,2,7
13991889,7296649,7296649-13991889-3,Final Space,2,8
13991889,7296651,7296651-13991889-3,Final Space,2,9
13991889,7296653,7296653-13991889-3,Final Space,2,10
13991889,7296655,7296655-13991889-3,Final Space,2,11
13991889,7318462,7318462-13991889-3,Halo,1,1
13991889,7325062,7325062-13991889-3,Silicon Valley,6,1
13991889,7337251,7337251-13991889-3,Mr. Robot,4,1
13991889,7337804,7337804-13991889-3,Batwoman,1,2
13991889,7337807,7337807-13991889-29,Batwoman,1,4
13991889,7337996,7337996-13991889-3,The Flash (2014),6,2
13991889,7365509,7365509-13991889-3,Batwoman,1,5
13991889,7365510,7365510-13991889-3,Batwoman,1,6
13991889,7365511,7365511-13991889-3,Batwoman,1,7
13991889,7365512,7365512-13991889-3,The Flash (2014),6,3
13991889,7365513,7365513-13991889-3,The Flash (2014),6,4
13991889,7365514,7365514-13991889-3,The Flash (2014),6,5
13991889,7365515,7365515-13991889-29,The Flash (2014),6,6
13991889,7365516,7365516-13991889-3,The Flash (2014),6,7
13991889,7374309,7374309-13991889-3,Young Sheldon,3,3
13991889,7374310,7374310-13991889-3,Young Sheldon,3,4
13991889,7382468,7382468-13991889-3,Atypical,3,1
13991889,7388319,7388319-13991889-3,Mr. Robot,4,2
13991889,7388320,7388320-13991889-3,Mr. Robot,4,3
13991889,7389443,7389443-13991889-3,Black Lightning,3,2
13991889,7389449,7389449-13991889-3,Black Lightning,3,3
13991889,7394631,7394631-13991889-29,Batwoman,1,3
13991889,7395719,7395719-13991889-3,The End of the F***ing World,2,1
13991889,7395725,7395725-13991889-3,The End of the F***ing World,2,2
13991889,7395727,7395727-13991889-3,The End of the F***ing World,2,3
13991889,7395728,7395728-13991889-3,The End of the F***ing World,2,4
13991889,7395729,7395729-13991889-3,The End of the F***ing World,2,5
13991889,7395732,7395732-13991889-3,The End of the F***ing World,2,6
13991889,7395733,7395733-13991889-3,The End of the F***ing World,2,7
13991889,7395734,7395734-13991889-3,The End of the F***ing World,2,8
13991889,7395755,7395755-13991889-3,Batwoman,1,8
13991889,7395761,7395761-13991889-3,Batwoman,1,9
13991889,7405318,7405318-13991889-3,Mr. Robot,4,4
13991889,7410970,7410970-13991889-3,Young Sheldon,3,5
13991889,7410971,7410971-13991889-3,Young Sheldon,3,6
13991889,7414838,7414838-13991889-3,Mr. Robot,4,5
13991889,7416268,7416268-13991889-3,Atypical,3,2
13991889,7416269,7416269-13991889-3,Atypical,3,3
13991889,7416270,7416270-13991889-3,Atypical,3,4
13991889,7416272,7416272-13991889-3,Atypical,3,5
13991889,7416273,7416273-13991889-3,Atypical,3,6
13991889,7416274,7416274-13991889-3,Atypical,3,7
13991889,7416275,7416275-13991889-3,Atypical,3,8
13991889,7416276,7416276-13991889-3,Atypical,3,9
13991889,7416277,7416277-13991889-3,Atypical,3,10
13991889,7422121,7422121-13991889-3,Silicon Valley,6,2
13991889,7422123,7422123-13991889-3,Silicon Valley,6,3
13991889,7425877,7425877-13991889-3,Mr. Robot,4,6
13991889,7430115,7430115-13991889-3,Supergirl,5,9
13991889,7437269,7437269-13991889-3,Mr. Robot,4,7
13991889,7437752,7437752-13991889-3,The Flash (2014),6,8
13991889,7437754,7437754-13991889-3,The Flash (2014),6,9
13991889,7441984,7441984-13991889-3,Young Sheldon,3,8
13991889,7444628,7444628-13991889-3,Silicon Valley,6,4
13991889,7444630,7444630-13991889-3,Silicon Valley,6,5
13991889,7444632,7444632-13991889-3,Silicon Valley,6,6
13991889,7444636,7444636-13991889-3,Silicon Valley,6,7
13991889,7448422,7448422-13991889-3,Mr. Robot,4,8
13991889,7456833,7456833-13991889-3,Young Sheldon,3,9
13991889,7458663,7458663-13991889-3,Better Call Saul,5,1
13991889,7458772,7458772-13991889-3,Better Call Saul,5,2
13991889,7459690,7459690-13991889-3,Young Sheldon,3,10
13991889,7460636,7460636-13991889-3,Mr. Robot,4,9
13991889,7464647,7464647-13991889-3,Mr. Robot,4,10
13991889,7464648,7464648-13991889-3,Mr. Robot,4,11
13991889,7477619,7477619-13991889-3,The Flash (2014),6,10
13991889,7477620,7477620-13991889-27,The Flash (2014),6,11
13991889,7490558,7490558-13991889-3,Young Sheldon,3,11
13991889,7495677,7495677-13991889-3,Mr. Robot,4,12
13991889,7495678,7495678-13991889-3,Mr. Robot,4,13
13991889,7501639,7501639-13991889-3,Mythic Quest,1,1
13991889,7501859,7501859-13991889-3,Mythic Quest,1,2
13991889,7501860,7501860-13991889-3,Mythic Quest,1,3
13991889,7501870,7501870-13991889-3,Mythic Quest,1,4
13991889,7501871,7501871-13991889-3,Mythic Quest,1,5
13991889,7501872,7501872-13991889-3,Mythic Quest,1,6
13991889,7501873,7501873-13991889-3,Mythic Quest,1,7
13991889,7501874,7501874-13991889-3,Mythic Quest,1,8
13991889,7517642,7517642-13991889-3,Young Sheldon,3,12
13991889,7521793,7521793-13991889-3,Batwoman,1,10
13991889,7534233,7534233-13991889-3,Batwoman,1,11
13991889,7539965,7539965-13991889-3,Young Sheldon,3,13
13991889,7539973,7539973-13991889-3,Young Sheldon,3,14
13991889,7542903,7542903-13991889-3,Better Call Saul,5,4
13991889,7542906,7542906-13991889-3,Better Call Saul,5,3
13991889,7550552,7550552-13991889-29,I Am Not Okay With This,1,1
13991889,7550553,7550553-13991889-3,I Am Not Okay With This,1,2
13991889,7550554,7550554-13991889-29,I Am Not Okay With This,1,3
13991889,7550557,7550557-13991889-29,I Am Not Okay With This,1,4
13991889,7550559,7550559-13991889-29,I Am Not Okay With This,1,5
13991889,7550560,7550560-13991889-3,I Am Not Okay With This,1,6
13991889,7550563,7550563-13991889-3,I Am Not Okay With This,1,7
13991889,7553213,7553213-13991889-3,My Hero Academia,4,23
13991889,7553216,7553216-13991889-3,My Hero Academia,4,25
13991889,7555473,7555473-13991889-3,Better Call Saul,5,5
13991889,7555474,7555474-13991889-3,Better Call Saul,5,6
13991889,7555475,7555475-13991889-3,Better Call Saul,5,7
13991889,7555476,7555476-13991889-3,Better Call Saul,5,8
13991889,7555477,7555477-13991889-3,Better Call Saul,5,9
13991889,7555478,7555478-13991889-3,Better Call Saul,5,10
13991889,7560337,7560337-13991889-3,Batwoman,1,12
13991889,7564119,7564119-13991889-3,Young Sheldon,3,15
13991889,7564224,7564224-13991889-3,Young Sheldon,3,16
13991889,7693422,7693422-13991889-29,Stargirl,1,10
13991889,7731997,7731997-13991889-29,The Rain,3,1
13991889,7798148,7798148-13991889-29,The Rain,3,2
13991889,7798150,7798150-13991889-3,The Rain,3,3
13991889,7798151,7798151-13991889-3,The Rain,3,4
13991889,7798153,7798153-13991889-3,The Rain,3,5
13991889,7798154,7798154-13991889-29,The Rain,3,6
13991889,8144884,8144884-13991889-3,INVINCIBLE (2021),1,1
13991889,8153158,8153158-13991889-3,INVINCIBLE (2021),1,2
13991889,8153159,8153159-13991889-3,INVINCIBLE (2021),1,3
13991889,8153160,8153160-13991889-3,INVINCIBLE (2021),1,4
13991889,8153163,8153163-13991889-3,INVINCIBLE (2021),1,5
13991889,8153164,8153164-13991889-3,INVINCIBLE (2021),1,6
13991889,8153165,8153165-13991889-3,INVINCIBLE (2021),1,7
13991889,8153167,8153167-13991889-3,INVINCIBLE (2021),1,8
13991889,8305537,8305537-13991889-3,Platinum End,1,1
13991889,8307201,8307201-13991889-29,Sex!fy,1,1
13991889,8442804,8442804-13991889-3,The Bear,1,1
13991889,8593355,8593355-13991889-29,The Great Jahy Will Not Be Defeated!,1,11
13991889,8616998,8616998-13991889-3,Inside Job,1,1
13991889,8890210,8890210-13991889-3,Halo,1,2
13991889,8890211,8890211-13991889-3,Halo,1,3
13991889,8974642,8974642-13991889-3,Halo,1,4
13991889,8996829,8996829-13991889-3,Better Call Saul,6,1
13991889,8996830,8996830-13991889-3,Better Call Saul,6,2
13991889,8996831,8996831-13991889-3,Better Call Saul,6,3
13991889,8996835,8996835-13991889-3,Better Call Saul,6,7
13991889,9163448,9163448-13991889-3,The Bear,1,2
13991889,9421392,9421392-13991889-3,Inside Job,1,14
13991889,9642740,9642740-13991889-3,LOL: Last One Laughing Argentina,1,1
13991889,9664518,9664518-13991889-3,LOL: Last One Laughing Argentina,1,2
13991889,9757136,9757136-13991889-3,Black Mirror,6,1
13991889,9879037,9879037-13991889-3,JUJUTSU KAISEN,2,17
13991889,9971637,9971637-13991889-3,Rick and Morty,7,1
13991889,10402475,10402475-13991889-3,Demon Slayer: Kimetsu no Yaiba,5,1
