movie_name,vote_key,episode_id,uuid,user_id,season_number,episode_number,series_name
Steven Universe: The Movie,c12fdfb6-83e5-4763-89e6-72755c77a763-13991889-3,0,c12fdfb6-83e5-4763-89e6-72755c77a763,13991889,,,
The Simpsons Movie,73b2ad11-a9e0-4685-8a07-f149b9e2609c-13991889-3,0,73b2ad11-a9e0-4685-8a07-f149b9e2609c,13991889,,,
,155935-13991889-3,155935,53a4f520-94d7-43e5-8dd3-facca053713e,13991889,1,1,Avatar: The Last Airbender
,155936-13991889-3,155936,5a0064be-88bb-4eef-8121-cd0bdabd63df,13991889,1,2,Avatar: The Last Airbender
,155937-13991889-3,155937,8dc984bc-01af-451d-b29e-137b222d12de,13991889,1,3,Avatar: The Last Airbender
,155947-13991889-3,155947,f09315ee-0f51-4afe-b794-e30e7e498e97,13991889,1,14,Avatar: The Last Airbender
,295482-13991889-3,295482,8250184a-9758-4bd4-8bd7-a7beeb0ea0cb,13991889,1,13,Avatar: The Last Airbender
,295483-13991889-3,295483,66d324cd-2965-419d-8410-712fe6b23bf3,13991889,1,17,Avatar: The Last Airbender
,296054-13991889-3,296054,f50192a7-2d2f-4cca-8614-a465701ea5da,13991889,1,1,Drawn Together
,300635-13991889-3,300635,5ef78115-25b4-4271-ba8d-0810221e6a5a,13991889,1,15,Avatar: The Last Airbender
,301701-13991889-3,301701,d15819bd-ba0b-48b6-9929-bbc2f57bad3d,13991889,1,18,Avatar: The Last Airbender
,301702-13991889-3,301702,cbcc35da-d8df-4176-b36b-879cdf26cd32,13991889,1,19,Avatar: The Last Airbender
,301703-13991889-3,301703,471fe112-bd88-4586-8622-aedbc4e637f8,13991889,1,20,Avatar: The Last Airbender
,4663020-13991889-3,4663020,ef0232ea-b8dd-499e-89a5-26520e7dc3d7,13991889,1,1,Better Call Saul
,4663020-13991889-5,4663020,ef0232ea-b8dd-499e-89a5-26520e7dc3d7,13991889,1,1,Better Call Saul
,4664718-13991889-3,4664718,f8aa35d0-090c-47d5-9fe6-e35de8e5b798,13991889,1,5,Peaky Blinders
,4765079-13991889-3,4765079,cc97f086-f91c-4ad7-a972-f7107d1d28f0,13991889,1,1,Silicon Valley
,4794504-13991889-3,4794504,4fd152d2-8d6a-43d4-81fa-93af394539f0,13991889,1,2,Silicon Valley
,4794505-13991889-3,4794505,485d975d-afcb-4eeb-8c00-0cbbf8056213,13991889,1,3,Silicon Valley
,4794506-13991889-3,4794506,af393b98-62c7-4a72-bbfc-2c155ca0a28f,13991889,1,4,Silicon Valley
,4794507-13991889-3,4794507,426e15d3-527e-4c94-8ffc-90a10eedc274,13991889,1,5,Silicon Valley
,4794508-13991889-3,4794508,48994e7d-d28b-4636-9a94-c2857b50fd12,13991889,1,6,Silicon Valley
,4794509-13991889-3,4794509,a95f7714-638d-45fa-b2c3-f3c750b11892,13991889,1,7,Silicon Valley
,4822932-13991889-3,4822932,8fa7c072-5095-458f-85c0-75d18a1c8385,13991889,1,8,Silicon Valley
,4921347-13991889-3,4921347,e9a432f5-c7b3-40a5-bb0d-c96c503e415b,13991889,1,15,Akame ga Kill!
,4921348-13991889-3,4921348,ec4db361-232b-46d1-bf6f-32c1a1fb16c7,13991889,1,16,Akame ga Kill!
,4921349-13991889-3,4921349,43f2be08-5475-4968-82c3-6220f7af3b09,13991889,1,17,Akame ga Kill!
,4942078-13991889-3,4942078,86e4f05e-4648-469c-9d19-0f10b1c4fe58,13991889,1,1,The Seven Deadly Sins
,5005121-13991889-3,5005121,a57d70bc-6a2e-4eef-96a3-fe9805357d50,13991889,2,2,Peaky Blinders
,5008794-13991889-3,5008794,1487d469-873a-4180-98b9-2be60a1a8e55,13991889,2,6,Peaky Blinders
,5077987-13991889-3,5077987,6cb2ae8d-2e1d-42b2-b3d7-073591447d98,13991889,1,1,iZombie
,5077988-13991889-3,5077988,dae067d1-ed68-482c-95d4-6e7a38cc7e65,13991889,1,2,iZombie
,5077989-13991889-3,5077989,2c889576-bd40-4fe8-9903-3435854e0d68,13991889,1,3,iZombie
,5077990-13991889-3,5077990,2b2e95d4-7b09-49ba-9e04-c49b479fad44,13991889,1,4,iZombie
,5077991-13991889-3,5077991,adac58bc-2273-415f-b934-e797f2f3d798,13991889,1,5,iZombie
,5077992-13991889-3,5077992,b019abd5-04b8-45da-baf6-0b5600287abb,13991889,1,6,iZombie
,5077993-13991889-3,5077993,2a6363d4-9dad-43ff-a8b3-b86ccdb936bd,13991889,1,7,iZombie
,5077995-13991889-3,5077995,54102397-f654-4d8e-84fe-b86768adc515,13991889,1,9,iZombie
,5077997-13991889-3,5077997,1c4b18fa-35a5-4048-8283-38f2cfbde2ae,13991889,1,11,iZombie
,5091616-13991889-3,5091616,252da1cb-3ef5-4cfc-b08d-a6507381c9db,13991889,2,1,Silicon Valley
,5099554-13991889-3,5099554,c30095eb-409e-4d26-bc20-261dd362376e,13991889,1,12,iZombie
,5123381-13991889-3,5123381,33501bd3-ed00-48ec-9db1-4d3dd3870a05,13991889,1,13,iZombie
,5126774-13991889-3,5126774,6d389b7d-57b9-4d7f-b38e-5659567deee1,13991889,1,6,Better Call Saul
,5126775-13991889-3,5126775,98228fc4-04a5-445c-94c9-b368ddb780a0,13991889,1,7,Better Call Saul
,5126777-13991889-3,5126777,7600e4ef-d009-49d5-afda-4340dfb116ac,13991889,1,9,Better Call Saul
,5141243-13991889-3,5141243,37db96dc-ccc4-42a5-817f-8a5440516589,13991889,1,3,Star vs. the Forces of Evil
,5148405-13991889-3,5148405,76e72734-592f-4af5-a039-d6afe5d1727b,13991889,2,2,Silicon Valley
,5148406-13991889-3,5148406,36758cdd-359e-4034-9464-9bf1475dc178,13991889,2,3,Silicon Valley
,5148407-13991889-3,5148407,e22b0f7d-3b10-448f-b132-29f3a296b364,13991889,2,4,Silicon Valley
,5173461-13991889-3,5173461,f4cac54c-51a6-431b-b406-e048d6455843,13991889,1,5,Star vs. the Forces of Evil
,5173463-13991889-3,5173463,02f43af3-d49f-43ca-bb53-2446cce8ab9f,13991889,1,7,Star vs. the Forces of Evil
,5173465-13991889-3,5173465,cfd94bde-cd92-44de-9dfe-3549a8ec9a58,13991889,1,9,Star vs. the Forces of Evil
,5195798-13991889-3,5195798,188c1e33-d2b4-4c7c-bc20-c1a2888ce15a,13991889,2,5,Silicon Valley
,5195799-13991889-3,5195799,f551694c-4371-4cdd-bb84-b48f6f4edb69,13991889,2,6,Silicon Valley
,5195800-13991889-3,5195800,aad065c4-e11f-4339-8f84-b3ff47e97eb1,13991889,2,7,Silicon Valley
,5195801-13991889-3,5195801,9a0037bf-9f16-415a-9b74-cbbecceaa96c,13991889,2,8,Silicon Valley
,5196851-13991889-3,5196851,a974acc8-0d51-487a-9a25-8874649ce8dd,13991889,2,9,Silicon Valley
,5196852-13991889-3,5196852,6ad6a3b3-c2a2-4ae8-aca9-6bd06b3c4efc,13991889,2,10,Silicon Valley
,5240607-13991889-3,5240607,414b8135-62e4-4ba8-b0fd-011c990a8d31,13991889,1,5,Mr. Robot
,5240615-13991889-3,5240615,32ac527f-03d9-4681-952f-2c151d77c9ed,13991889,1,8,Mr. Robot
,5242892-13991889-3,5242892,152f848c-d50e-4820-87f6-3104186549d1,13991889,1,11,Star vs. the Forces of Evil
,5242894-13991889-3,5242894,4302b49c-8951-41b0-b00c-ce1d3fea6c71,13991889,1,13,Star vs. the Forces of Evil
,5242895-13991889-3,5242895,a645e86e-d947-4c17-89e8-1d24d8d8f019,13991889,1,14,Star vs. the Forces of Evil
,5259807-13991889-3,5259807,42d2f106-2178-4076-8ccb-be82b8dccd5d,13991889,1,15,Star vs. the Forces of Evil
,5259808-13991889-3,5259808,83a18e16-d50c-49eb-a388-1d77a6395751,13991889,1,16,Star vs. the Forces of Evil
,5259809-13991889-3,5259809,c1b04e73-72b5-4911-b34b-66cfbff47973,13991889,1,17,Star vs. the Forces of Evil
,5259810-13991889-3,5259810,dd048eac-2d25-4a0d-acb2-1a407d9f7995,13991889,1,18,Star vs. the Forces of Evil
,5260565-13991889-3,5260565,2a77c121-e6c2-4fcf-9e67-fbdbafdd1b3a,13991889,2,1,iZombie
,5293346-13991889-3,5293346,8e99d8d8-dda0-478d-88a1-c9efafd75da2,13991889,1,19,Star vs. the Forces of Evil
,5293347-13991889-3,5293347,b4bb8fc0-72e7-436e-a0c3-f8eb46e9aacd,13991889,1,20,Star vs. the Forces of Evil
,5293348-13991889-3,5293348,7fddae80-7bc6-4f4e-877f-5711f6f57089,13991889,1,21,Star vs. the Forces of Evil
,5293349-13991889-3,5293349,719452bb-33ef-4c8f-81a3-c836ccee3bc8,13991889,1,22,Star vs. the Forces of Evil
,5313320-13991889-3,5313320,5c21b476-83b9-4847-a451-917d9dd5fec5,13991889,1,23,Star vs. the Forces of Evil
,5313321-13991889-3,5313321,a1abb145-3af4-495a-bb11-6162e235c998,13991889,1,24,Star vs. the Forces of Evil
,5317048-13991889-3,5317048,0c519722-5c2a-462c-b9b5-f652e50ead75,13991889,2,2,iZombie
,5317049-13991889-3,5317049,f35cc8cf-6893-4524-bf76-62924287a644,13991889,2,3,iZombie
,5317050-13991889-3,5317050,a592fba9-23a2-459d-a6f9-c649e73a559b,13991889,2,4,iZombie
,5372956-13991889-3,5372956,8c06fc34-88af-483d-91d7-f698fe50c0ba,13991889,2,5,iZombie
,5380137-13991889-3,5380137,53d750a7-90d9-4907-83cb-929b713e197c,13991889,2,6,iZombie
,5401445-13991889-3,5401445,428719af-0e51-4025-bc22-601bd856f6ba,13991889,2,8,iZombie
,5412129-13991889-3,5412129,947c8eae-d8c3-47c8-8eca-5931e1bc01b2,13991889,2,9,iZombie
,5434306-13991889-3,5434306,372a94c8-e1f8-469e-aeda-18dc6990d7a1,13991889,2,10,iZombie
,5455767-13991889-3,5455767,040e80ab-dd55-41e3-8f64-8c69504220b3,13991889,2,11,iZombie
,5487171-13991889-3,5487171,6a5233e1-ee5f-48e0-a6da-bba6f3dc646b,13991889,2,12,iZombie
,5493954-13991889-3,5493954,901a5de9-2af0-455e-b027-7a464a5b3fa0,13991889,3,2,Silicon Valley
,5493955-13991889-3,5493955,8de748e3-b87f-496c-9b63-28d6ead52270,13991889,3,3,Silicon Valley
,5493956-13991889-3,5493956,87f58300-f716-44fb-b8b5-3abebee1f957,13991889,3,4,Silicon Valley
,5493958-13991889-3,5493958,ea1617b3-9ad6-4bfc-89a6-f68a5194ebe3,13991889,3,6,Silicon Valley
,5496190-13991889-3,5496190,253efc9f-239c-4233-a73c-d3e62bddb041,13991889,2,13,iZombie
,5504333-13991889-3,5504333,6c60f536-a923-4b34-9f57-0d9955c6a1da,13991889,2,14,iZombie
,5506131-13991889-3,5506131,86bc35a1-df25-4765-86aa-fc79b2596591,13991889,2,2,Better Call Saul
,5506132-13991889-3,5506132,2515b8ef-dbec-4095-ae8f-14dd1565a110,13991889,2,3,Better Call Saul
,5511953-13991889-3,5511953,40a3b88d-a45a-4bc2-80b3-86a0ab938161,13991889,2,15,iZombie
,5538565-13991889-3,5538565,f32db8de-891a-4248-bb46-3f7103ac69c9,13991889,2,6,Better Call Saul
,5544537-13991889-3,5544537,77769a33-0826-40c6-af07-792ad0ed253f,13991889,2,16,iZombie
,5551774-13991889-3,5551774,886335aa-a947-4c2e-a429-adf868a0a7f1,13991889,2,7,Better Call Saul
,5553130-13991889-3,5553130,b366b3c7-cb75-46c6-ba3c-728c95d4fd91,13991889,2,17,iZombie
,5553665-13991889-3,5553665,3f13ad60-39a3-40a7-bedb-98a0aac987b2,13991889,2,8,Better Call Saul
,5553666-13991889-3,5553666,9307328c-3ade-4cba-aad9-c0dde7958ac2,13991889,2,9,Better Call Saul
,5560086-13991889-3,5560086,1ddeea76-5a4b-4739-a138-b70f6fcf8fc7,13991889,2,18,iZombie
,5560087-13991889-3,5560087,7afba4d2-6a61-4610-93ef-088671fce8bd,13991889,2,19,iZombie
,5598487-13991889-3,5598487,9f2aeace-6180-4dc1-aa3e-7aad2109a14e,13991889,3,8,Silicon Valley
,5598488-13991889-3,5598488,1bc11a3f-c226-4a3c-a15f-9913e5a5e6de,13991889,3,9,Silicon Valley
,5598489-13991889-3,5598489,6d0fa4ab-a747-4333-97c3-56a27453fb34,13991889,3,10,Silicon Valley
,5632039-13991889-3,5632039,12ff2a32-1038-45e4-9f3a-f08b69aaba79,13991889,2,1,Star vs. the Forces of Evil
,5648919-13991889-3,5648919,57ad72bc-ec86-4b6c-a349-d7320e17411a,13991889,2,3,Mr. Robot
,5665653-13991889-3,5665653,b4266c92-940e-4b73-b9cf-c5265157adfc,13991889,2,2,Star vs. the Forces of Evil
,5665654-13991889-3,5665654,db510ffc-4df2-4319-ae5a-20bb95a1e75e,13991889,2,3,Star vs. the Forces of Evil
,5665655-13991889-3,5665655,0e7b9c11-9c30-4bf3-9632-5fa15eafbc52,13991889,2,4,Star vs. the Forces of Evil
,5665656-13991889-3,5665656,069093a5-aa8e-47e5-a233-a06f5f67d684,13991889,2,5,Star vs. the Forces of Evil
,5669633-13991889-3,5669633,ced38c5d-8ffa-4079-9f46-ae4c94c70142,13991889,2,5,Mr. Robot
,5669636-13991889-3,5669636,d5d7f186-4e36-416d-9eb4-7812c43e9dc9,13991889,2,7,Mr. Robot
,5669639-13991889-3,5669639,a8ae4ef8-63c6-46cb-b70b-7964528d662a,13991889,2,8,Mr. Robot
,5669642-13991889-3,5669642,97f08dbe-c46b-4349-a6d3-6a646eabadc4,13991889,2,9,Mr. Robot
,5670309-13991889-3,5670309,76fc9b07-0778-41b0-9d27-0aab0ad25d3e,13991889,2,11,Mr. Robot
,5670310-13991889-3,5670310,cbb3838b-564d-4c3c-9ec1-8e7f0469a475,13991889,2,12,Mr. Robot
,5678094-13991889-3,5678094,e1d24371-d10a-4633-bf4b-ca63ba85773e,13991889,2,7,Star vs. the Forces of Evil
,5678097-13991889-3,5678097,7be429da-e766-41c5-8549-080649f27617,13991889,2,8,Star vs. the Forces of Evil
,5678104-13991889-3,5678104,52e68fad-9cff-4756-9c82-9add4bda0eb5,13991889,2,9,Star vs. the Forces of Evil
,5678105-13991889-3,5678105,3d6e13de-d75f-437f-9296-5f000a743c5f,13991889,2,10,Star vs. the Forces of Evil
,5678106-13991889-3,5678106,ab7ca4f5-8ec6-46a6-809c-a837f13921d5,13991889,2,11,Star vs. the Forces of Evil
,5678107-13991889-3,5678107,ae23fa84-2c1a-4828-8d81-a95dccea3453,13991889,2,12,Star vs. the Forces of Evil
,5682080-13991889-3,5682080,9df1a09d-9bcc-4b5b-93cd-77a935a29539,13991889,1,1,Travelers (2016)
,5682081-13991889-3,5682081,df6e4cb0-5210-4970-ac01-edbee69b39c1,13991889,1,2,Travelers (2016)
,5682082-13991889-3,5682082,a12ac6ed-e20d-4836-93be-396d45f55f3a,13991889,1,3,Travelers (2016)
,5682083-13991889-3,5682083,ec70e7ba-1176-4453-bae9-f7fb1ec547c6,13991889,1,4,Travelers (2016)
,5682084-13991889-3,5682084,8899dc2e-a374-4dfe-822b-bd3da72e8b4b,13991889,1,5,Travelers (2016)
,5682085-13991889-3,5682085,8c47061b-b791-4f16-ba4e-c1b9d538bb6c,13991889,1,6,Travelers (2016)
,5682086-13991889-3,5682086,d7594101-3ddb-4683-a9b4-91f856c75bd4,13991889,1,7,Travelers (2016)
,5682087-13991889-3,5682087,a43d24d2-e657-48dc-b5e1-a60c968475f3,13991889,1,8,Travelers (2016)
,5682089-13991889-3,5682089,4c2d5753-544f-474d-ae69-7501d43c4bbe,13991889,1,10,Travelers (2016)
,5682090-13991889-3,5682090,4a680a2a-c137-4b9d-8035-f723d2cc7393,13991889,1,11,Travelers (2016)
,5682091-13991889-3,5682091,e1b0f788-a31f-468d-a9ec-9a810d66f619,13991889,1,12,Travelers (2016)
,5689239-13991889-3,5689239,112eca90-8a89-4b15-b28a-6af57283878b,13991889,3,1,iZombie
,5700822-13991889-3,5700822,170d8965-618c-4054-a2f3-6b39241a3ea2,13991889,3,2,iZombie
,5709764-13991889-3,5709764,a03a3171-3fef-4e28-967f-e03133ac9b1f,13991889,2,13,Star vs. the Forces of Evil
,5709765-13991889-3,5709765,6b567e53-0471-43df-8555-11574a65f1b7,13991889,2,14,Star vs. the Forces of Evil
,5709766-13991889-3,5709766,b72b0815-00fe-40ec-82d7-7aefd719f1a6,13991889,2,15,Star vs. the Forces of Evil
,5709767-13991889-3,5709767,ec5d4080-5de5-471f-8295-96140e538930,13991889,2,16,Star vs. the Forces of Evil
,5709769-13991889-3,5709769,186c59b6-e07e-415a-8106-bb7ffee206cc,13991889,2,17,Star vs. the Forces of Evil
,5709770-13991889-3,5709770,ac73c4c6-80b2-4628-94eb-e0e754e0e754,13991889,2,18,Star vs. the Forces of Evil
,5747577-13991889-3,5747577,12a2a983-7938-44d3-b10c-e461e967fe31,13991889,2,19,Star vs. the Forces of Evil
,5747578-13991889-3,5747578,77733054-775f-4564-9bdf-c8b90cb1f13f,13991889,2,20,Star vs. the Forces of Evil
,5747579-13991889-3,5747579,586de631-8c06-4c7e-ae7a-2be398f264e6,13991889,2,21,Star vs. the Forces of Evil
,5747580-13991889-3,5747580,9c8a4696-fcc0-4ea1-bd7d-14c1c0839895,13991889,2,22,Star vs. the Forces of Evil
,5763872-13991889-3,5763872,cb48ca72-43d1-4bdb-aa80-56dd7f04a43a,13991889,3,3,iZombie
,5763873-13991889-3,5763873,e26a9c5c-4c7b-4f70-ab56-815915804cd7,13991889,3,4,iZombie
,5763874-13991889-3,5763874,da4b655a-e4de-48d8-9b0c-5c168e86c50e,13991889,3,5,iZombie
,5796193-13991889-3,5796193,59e55d57-cde7-4202-974b-ef2cb5f2355c,13991889,2,24,Star vs. the Forces of Evil
,5827336-13991889-3,5827336,8c64e719-6246-4bbc-b4a0-190aa8edef13,13991889,2,25,Star vs. the Forces of Evil
,5827340-13991889-3,5827340,3b8bd4fe-ae9a-4656-b40a-219d427d0deb,13991889,2,26,Star vs. the Forces of Evil
,5827343-13991889-3,5827343,8d018973-a234-4786-8cb3-9dadce83cc1c,13991889,2,27,Star vs. the Forces of Evil
,5860837-13991889-3,5860837,677911e1-c60b-4d5a-a755-14bf0abf5f78,13991889,2,28,Star vs. the Forces of Evil
,5865496-13991889-3,5865496,bf6d412a-8acd-4af1-9e78-65ce6c07d719,13991889,3,7,iZombie
,5940807-13991889-3,5940807,77471d7b-ee9c-4b87-898f-60a3e4979add,13991889,3,12,iZombie
,5940808-13991889-3,5940808,73d172ed-8d52-48aa-9b0b-2a84cc320230,13991889,3,13,iZombie
,5942775-13991889-3,5942775,e537458a-7bf8-4adf-9764-bfa5e0e5f066,13991889,2,29,Star vs. the Forces of Evil
,5942776-13991889-3,5942776,587f3b72-e0bd-43e1-9d94-e8b585bfc428,13991889,2,30,Star vs. the Forces of Evil
,5942777-13991889-3,5942777,509782f3-ae06-4a2e-b335-74cf2e0fc57c,13991889,2,31,Star vs. the Forces of Evil
,5942778-13991889-3,5942778,28c2fb30-5435-4fb9-af0c-2b94081bfe41,13991889,2,32,Star vs. the Forces of Evil
,5942779-13991889-3,5942779,85318733-9f59-42dd-8b67-fce9f6d4381c,13991889,2,33,Star vs. the Forces of Evil
,5942781-13991889-3,5942781,61e64050-e87e-4c94-89de-69acc59689fc,13991889,2,35,Star vs. the Forces of Evil
,5942782-13991889-3,5942782,4a300116-33cc-4784-b933-ec7b79439dac,13991889,2,36,Star vs. the Forces of Evil
,5942783-13991889-3,5942783,ec00f9b2-4360-417b-be75-700de4697ead,13991889,2,37,Star vs. the Forces of Evil
,5942785-13991889-3,5942785,44c62905-8187-409d-b120-040e0fdcf2c8,13991889,2,39,Star vs. the Forces of Evil
,5942786-13991889-3,5942786,51851065-17ab-45f5-a6b3-afd70c4a3f81,13991889,2,40,Star vs. the Forces of Evil
,5942787-13991889-3,5942787,2151db59-49be-4872-bfe6-be00781c3574,13991889,2,41,Star vs. the Forces of Evil
,5947374-13991889-3,5947374,b1022bd7-2d1c-46dc-85fc-65ed5e7577eb,13991889,3,8,iZombie
,5947375-13991889-3,5947375,f29c95cd-e7e8-4d2d-ac3e-5fd47dfac62c,13991889,3,10,iZombie
,5947377-13991889-3,5947377,cf36b76f-a087-42ac-bd77-ebca84cb3474,13991889,3,11,iZombie
,5964673-13991889-3,5964673,e490c7ae-20ef-487f-9250-a38901a9eab0,13991889,4,1,Silicon Valley
,5999993-13991889-3,5999993,33d9301d-0927-4202-ad79-a802f0e2d225,13991889,4,2,Silicon Valley
,6003195-13991889-3,6003195,dfa5d6bc-609e-44a6-bb6f-a0017ca32a08,13991889,3,1,Mr. Robot
,6023980-13991889-3,6023980,c8ce4baa-1a88-4b64-980d-7f7e196058d0,13991889,3,2,Better Call Saul
,6023981-13991889-3,6023981,ca3eb617-c483-497f-8421-3fe9b15402af,13991889,3,3,Better Call Saul
,6023986-13991889-3,6023986,3f09e24e-da44-4878-9383-9c84002dc359,13991889,3,4,Better Call Saul
,6024002-13991889-3,6024002,ba8dd804-4a23-4c12-bd36-df80347014c7,13991889,3,8,Better Call Saul
,6024003-13991889-3,6024003,9ad51fb0-9545-44bb-8c29-648b74c5d97c,13991889,3,9,Better Call Saul
,6024007-13991889-3,6024007,3452dca2-3d00-4be2-bdc8-0b41e952a107,13991889,3,10,Better Call Saul
,6027683-13991889-3,6027683,3c40e46b-72a7-461e-bdde-13d4e2a1b6d2,13991889,4,3,Silicon Valley
,6027684-13991889-3,6027684,0443eca3-5b92-4bab-bdfa-7ab791971dc8,13991889,4,4,Silicon Valley
,6056602-13991889-3,6056602,65f4e5fa-04f7-4144-8223-4040ea85f6c4,13991889,4,5,Silicon Valley
,6056603-13991889-3,6056603,017d1b07-04a2-4383-a12d-360892043f0b,13991889,4,6,Silicon Valley
,6056604-13991889-3,6056604,e9eac591-34ba-42d0-9c93-6ac756da7242,13991889,4,7,Silicon Valley
,6056605-13991889-3,6056605,6deeb52c-ee8c-464c-9d51-d95643108c12,13991889,4,8,Silicon Valley
,6066834-13991889-3,6066834,13845d56-1a36-41f0-84df-2cd8dd58db46,13991889,4,9,Silicon Valley
,6081570-13991889-3,6081570,826e2b7b-9ac0-4ab1-8402-a69ff812b111,13991889,4,10,Silicon Valley
,6141714-13991889-3,6141714,89e7c288-a8c9-4916-821c-f3204210fdc1,13991889,3,4,Mr. Robot
,6141718-13991889-3,6141718,36788a59-c0e2-4259-b7df-9849feb375b6,13991889,3,8,Mr. Robot
,6164529-13991889-3,6164529,dfd9f4d6-9629-452b-98ec-a10c47168813,13991889,3,1,Star vs. the Forces of Evil
,6184622-13991889-3,6184622,5bd85e34-e559-4892-8469-62badf4feb55,13991889,3,2,Star vs. the Forces of Evil
,6184623-13991889-3,6184623,978d5b24-18d9-4cbf-89a3-7be00b615d46,13991889,3,3,Star vs. the Forces of Evil
,6184624-13991889-3,6184624,33edf35f-9fd3-44ad-8013-53e95b5e7a2a,13991889,3,4,Star vs. the Forces of Evil
,6184625-13991889-3,6184625,03f77100-cac3-4150-801b-f5747687594a,13991889,3,5,Star vs. the Forces of Evil
,6184626-13991889-3,6184626,5f25baf4-56ae-4d8c-b6c1-627794bccf3a,13991889,3,6,Star vs. the Forces of Evil
,6184627-13991889-3,6184627,968fe779-426b-48f5-8c2a-a128779f5fad,13991889,3,7,Star vs. the Forces of Evil
,6218771-13991889-3,6218771,3ec5207e-5101-499e-abd6-7b0b7011d74c,13991889,1,1,Final Space
,6238807-13991889-3,6238807,ea4c7dec-20eb-4f1a-9ea4-cb0febd89b43,13991889,2,1,Travelers (2016)
,6247579-13991889-3,6247579,42bf7a5d-8545-4a31-a4f4-7ed8bacfae71,13991889,4,1,iZombie
,6279551-13991889-3,6279551,a3028397-f3c7-4969-bd8c-de3d08dc1f47,13991889,4,3,iZombie
,6279552-13991889-3,6279552,50c20544-a9bc-45a1-bcd8-14cc55a952d6,13991889,4,4,iZombie
,6304546-13991889-3,6304546,31ca2e0f-9833-4530-85c3-43823e9ab910,13991889,1,1,The Alienist
,6317438-13991889-3,6317438,0f98bbd9-d103-4849-ae4e-dfc4c3064c47,13991889,4,5,iZombie
,6317440-13991889-3,6317440,64b4efad-4059-4de7-97f7-5a82b6721c47,13991889,4,7,iZombie
,6354245-13991889-3,6354245,fa1894a8-9929-496c-9d07-a339bff41246,13991889,3,8,Star vs. the Forces of Evil
,6354247-13991889-3,6354247,bf4f68db-76cd-4e76-b108-0dc3ba75b34d,13991889,3,9,Star vs. the Forces of Evil
,6354267-13991889-3,6354267,3721a5b9-fb76-4a9e-82e0-5cfcdbb0218c,13991889,3,10,Star vs. the Forces of Evil
,6354274-13991889-3,6354274,39990d11-8a2e-4ca8-9fce-45eb100b8f09,13991889,3,11,Star vs. the Forces of Evil
,6354276-13991889-3,6354276,686cf344-73d0-49b0-a033-827aba2226f3,13991889,3,12,Star vs. the Forces of Evil
,6354280-13991889-3,6354280,24723f88-cf55-4ba9-b3bc-c6218a203bd9,13991889,3,13,Star vs. the Forces of Evil
,6354283-13991889-3,6354283,96e29917-2ff1-45b9-ae76-0a7122f2c7b1,13991889,3,14,Star vs. the Forces of Evil
,6354285-13991889-3,6354285,10a0e5a7-466b-4c8d-a169-93a16dacb709,13991889,3,15,Star vs. the Forces of Evil
,6354286-13991889-3,6354286,7cf951cc-4ab6-4673-a35d-af8aba7093c3,13991889,3,16,Star vs. the Forces of Evil
,6354287-13991889-3,6354287,070548fa-1d1d-4963-abdd-5f89306df6ac,13991889,3,17,Star vs. the Forces of Evil
,6354288-13991889-3,6354288,24589568-10e7-484c-928f-b228c1e7c500,13991889,3,19,Star vs. the Forces of Evil
,6354291-13991889-3,6354291,9d5e0cb4-ffb5-4484-be01-c6d16edff008,13991889,3,18,Star vs. the Forces of Evil
,6354292-13991889-3,6354292,4a0675e5-ea67-4fa8-a04f-0918db762be1,13991889,3,20,Star vs. the Forces of Evil
,6354294-13991889-3,6354294,f860dcf4-1f1c-4469-8e25-20c1171e2444,13991889,3,21,Star vs. the Forces of Evil
,6354295-13991889-3,6354295,0d3732f4-0746-42a1-866d-c93cf5b66985,13991889,3,22,Star vs. the Forces of Evil
,6354296-13991889-3,6354296,9ab0513d-1db6-45ad-8daf-e13ab171a27e,13991889,3,23,Star vs. the Forces of Evil
,6354297-13991889-3,6354297,892fdc96-ff8a-49e9-b7fc-3f95b01587da,13991889,3,24,Star vs. the Forces of Evil
,6366744-13991889-3,6366744,72881464-da27-4742-93f5-e091136fb049,13991889,2,2,Travelers (2016)
,6367720-13991889-3,6367720,7e67942b-8fbe-44ce-9ae1-035b54912628,13991889,2,3,Travelers (2016)
,6367721-13991889-3,6367721,d61d678e-1412-4fc0-8532-379ff6e0b24f,13991889,2,4,Travelers (2016)
,6367722-13991889-3,6367722,ca870eb9-e412-4b8f-b7db-b5c8128b79cd,13991889,2,5,Travelers (2016)
,6367723-13991889-3,6367723,88369088-857a-42cb-8f98-5e74eebb563d,13991889,2,6,Travelers (2016)
,6367724-13991889-3,6367724,0bdef9da-6323-4f0d-be91-73768c0d7f63,13991889,2,7,Travelers (2016)
,6367725-13991889-3,6367725,4b48f8b3-8b07-4ba0-82e8-cb11dfdfb252,13991889,2,8,Travelers (2016)
,6367726-13991889-3,6367726,57a91121-c1d7-4a27-8767-6b5eb4dcb148,13991889,2,9,Travelers (2016)
,6378506-13991889-3,6378506,e4a1dd5e-c4f5-4baf-a91a-fb966067508b,13991889,2,10,Travelers (2016)
,6378507-13991889-3,6378507,833f270c-06b5-489c-95c3-a16387cc1107,13991889,2,11,Travelers (2016)
,6378508-13991889-3,6378508,b405a439-bb88-4862-a3b0-d536009d1fd0,13991889,2,12,Travelers (2016)
,6379885-13991889-3,6379885,e6b23f8b-6447-41fc-9487-2906a5ff3683,13991889,1,8,The End of the F***ing World
,6390356-13991889-3,6390356,1c4d5969-1dba-4167-a4f2-328971388792,13991889,4,2,Peaky Blinders
,6404215-13991889-3,6404215,f1f6317f-9ede-4ca1-b47d-4437645a9ae2,13991889,4,9,iZombie
,6408255-13991889-3,6408255,9b07813f-4b1f-4b10-bcff-2541fcffa4f9,13991889,3,25,Star vs. the Forces of Evil
,6408257-13991889-3,6408257,4757768b-1a68-4eae-b401-7843b37916df,13991889,3,26,Star vs. the Forces of Evil
,6417510-13991889-3,6417510,a4de0e99-e49d-4bf9-8d9a-73083c1bb4d0,13991889,1,2,Star vs. the Forces of Evil
,6417511-13991889-3,6417511,900a4cd6-a14a-4aa8-9025-ad21388d063a,13991889,1,6,Star vs. the Forces of Evil
,6417537-13991889-3,6417537,a17d7adb-ccad-4411-83ce-f7b92c18458e,13991889,1,4,Star vs. the Forces of Evil
,6417540-13991889-3,6417540,dba7b7c7-3809-402b-ace3-b2c014d34504,13991889,1,8,Star vs. the Forces of Evil
,6417544-13991889-3,6417544,3b23fd28-31d9-4601-a95b-49a5fdb30fa8,13991889,1,10,Star vs. the Forces of Evil
,6417545-13991889-3,6417545,83a943ae-b714-46ed-96c4-4cbddcb97c48,13991889,1,12,Star vs. the Forces of Evil
,6447045-13991889-3,6447045,9ec51e46-d901-42bd-8e2e-bbc24fa742c1,13991889,4,10,iZombie
,6447046-13991889-3,6447046,15df9b1a-b983-449b-8782-1341ec886b7d,13991889,4,11,iZombie
,6476842-13991889-3,6476842,6e453827-0d3f-4408-a57d-dc28cbe97754,13991889,5,1,Silicon Valley
,6494951-13991889-3,6494951,522c9243-30e2-471a-ad40-5aeb4f1a9ede,13991889,4,12,iZombie
,6507768-13991889-3,6507768,165d3959-9f0f-4c71-8f55-bb2c354a70dc,13991889,3,28,Star vs. the Forces of Evil
,6537947-13991889-3,6537947,f8e39188-c27b-4212-a52a-cc6dc5067c7e,13991889,1,2,Final Space
,6538304-13991889-3,6538304,c44b8ea1-0101-4546-9074-44cb9b38d813,13991889,5,13,The 100
,6547722-13991889-3,6547722,3e52cf9a-45d8-4abe-9263-9a33b023023d,13991889,3,29,Star vs. the Forces of Evil
,6547723-13991889-3,6547723,30b55d4b-e8e2-4782-9c16-930a3e1ed541,13991889,3,30,Star vs. the Forces of Evil
,6547735-13991889-3,6547735,de83ca1c-87bd-4778-8a19-2afebb1f1397,13991889,3,31,Star vs. the Forces of Evil
,6547738-13991889-3,6547738,900d2790-84d6-42a0-a9d4-a0dcc6fc466e,13991889,3,32,Star vs. the Forces of Evil
,6547740-13991889-3,6547740,a410ebe8-1b06-4cbb-a8c1-ebd42614e94c,13991889,3,33,Star vs. the Forces of Evil
,6547744-13991889-3,6547744,8a58e1f4-5592-4a4c-bb6d-bf438c019062,13991889,3,34,Star vs. the Forces of Evil
,6547747-13991889-3,6547747,bf424b8b-2bf9-440f-8728-e8e78e9a7042,13991889,3,35,Star vs. the Forces of Evil
,6547749-13991889-3,6547749,05d34773-ca7d-4b49-8dd3-0953987eaf43,13991889,3,36,Star vs. the Forces of Evil
,6547760-13991889-3,6547760,58fabede-66e2-42c8-a901-5a05a46e5e7d,13991889,3,37,Star vs. the Forces of Evil
,6547773-13991889-3,6547773,3eaf3910-46bd-4d81-b7e5-25544c10cb20,13991889,3,38,Star vs. the Forces of Evil
,6563912-13991889-3,6563912,4a7fd267-9e59-4a27-beec-d62dd9746642,13991889,1,3,Final Space
,6563915-13991889-3,6563915,404926d4-8a2d-473b-9d66-f7f7f536e9af,13991889,1,5,Final Space
,6579623-13991889-3,6579623,2920383a-dd87-44da-b4bb-0bb3ddbb150e,13991889,5,2,Silicon Valley
,6579624-13991889-3,6579624,527d5d41-d94c-474f-ab5c-93f7696037ce,13991889,5,3,Silicon Valley
,6580218-13991889-3,6580218,fc2d28eb-78bb-4086-a6b5-a57cc42156f7,13991889,1,8,Final Space
,6587066-13991889-3,6587066,00f14160-33fa-4430-90cf-a5173f73c7d9,13991889,5,4,Silicon Valley
,6606162-13991889-3,6606162,30163874-e08e-4f97-a2f6-c686fe1ccf4e,13991889,4,1,Star vs. the Forces of Evil
,6611266-13991889-3,6611266,3d90322f-f131-4ef5-b419-1bae3fef6895,13991889,5,5,Silicon Valley
,6611267-13991889-3,6611267,cd1afc87-bce2-4d50-9598-9e1196918b24,13991889,5,6,Silicon Valley
,6619954-13991889-3,6619954,5f415a1a-8451-468e-a9e6-66df61fb8660,13991889,4,13,iZombie
,6642301-13991889-3,6642301,ed8d007b-342f-4868-bcb8-28b048c16814,13991889,5,7,Silicon Valley
,6642302-13991889-3,6642302,590715fe-a885-4876-a554-840a5b708d6e,13991889,5,8,Silicon Valley
,6709632-13991889-3,6709632,d5f9f6e9-f8f0-4fc6-a63c-b4149663c64d,13991889,4,1,Better Call Saul
,6757076-13991889-3,6757076,347c604c-8546-4367-9ace-f420c868f4a9,13991889,4,2,Better Call Saul
,6757077-13991889-3,6757077,ad0fd6d3-eae2-4d8a-b3ba-77c58b6811bc,13991889,4,3,Better Call Saul
,6757078-13991889-3,6757078,6c286bec-ca9a-4571-a1c4-dd49c4ff4969,13991889,4,4,Better Call Saul
,6782558-13991889-3,6782558,4150c508-2735-462f-a61f-62befc6fa42a,13991889,4,7,Better Call Saul
,6783470-13991889-3,6783470,59f80065-3175-4fd3-b585-c25891863c46,13991889,4,8,Better Call Saul
,6790744-13991889-19,6790744,46ba55c0-611e-49da-a0b4-64b0565b6e5d,13991889,4,4,DC's Legends of Tomorrow
,6814866-13991889-3,6814866,8a9d0631-2b34-47c6-acdb-3cb601282d00,13991889,5,2,iZombie
,6814868-13991889-3,6814868,9aef09b2-00a6-41f3-bdb3-4d34dc236e20,13991889,5,3,iZombie
,6902999-13991889-3,6902999,fd64a13f-af2e-4fa5-b079-7e4a5214de40,13991889,3,1,Travelers (2016)
,6939913-13991889-3,6939913,2b95005f-be84-4d52-92a4-1c9139b4b087,13991889,3,2,Travelers (2016)
,6939914-13991889-3,6939914,69618447-fd30-4207-867d-458e4de08a0d,13991889,3,3,Travelers (2016)
,6939915-13991889-3,6939915,87470e9f-c04e-439d-aa07-db1d7732a46f,13991889,3,4,Travelers (2016)
,7044945-13991889-3,7044945,c78a9715-1d35-4270-ac13-276c4b9b633b,13991889,4,2,Star vs. the Forces of Evil
,7044948-13991889-3,7044948,70f85701-3a94-45fd-af5d-99b9188e63ad,13991889,4,3,Star vs. the Forces of Evil
,7044950-13991889-3,7044950,be2bd41e-1b02-4144-ba07-60b5d9a7b55a,13991889,4,4,Star vs. the Forces of Evil
,7044952-13991889-3,7044952,2caa9690-a52d-4add-ad9b-64e9b0acaf14,13991889,4,5,Star vs. the Forces of Evil
,7044953-13991889-3,7044953,4f2ee55a-d265-4685-afd9-bb2dc77e1849,13991889,4,6,Star vs. the Forces of Evil
,7044955-13991889-3,7044955,9149c58a-c7d4-4cac-9fef-58214ee99ce0,13991889,4,8,Star vs. the Forces of Evil
,7044957-13991889-3,7044957,220623d6-149b-4a94-bf2c-e9b298f5fdd4,13991889,4,9,Star vs. the Forces of Evil
,7044961-13991889-3,7044961,a4d75d5c-8a70-4ec9-9738-f03ef64080a0,13991889,4,10,Star vs. the Forces of Evil
,7044963-13991889-3,7044963,5c489682-ec8c-4ada-82ba-d59c48827823,13991889,4,11,Star vs. the Forces of Evil
,7044964-13991889-3,7044964,9db729ae-fb02-4345-b9c8-8f346ee203ee,13991889,4,12,Star vs. the Forces of Evil
,7044966-13991889-3,7044966,8451e7c5-6d9b-4c78-8fb7-68e7cd01120b,13991889,4,13,Star vs. the Forces of Evil
,7061640-13991889-3,7061640,893a25c0-819d-46a3-8503-cacca4c91510,13991889,2,10,Happy!
,7113115-13991889-3,7113115,207187dd-c443-4aac-98b0-03585f84d142,13991889,4,14,Star vs. the Forces of Evil
,7113119-13991889-3,7113119,fc039ed6-99bb-47c0-8271-11c0a16f8149,13991889,4,17,Star vs. the Forces of Evil
,7113123-13991889-3,7113123,1e46ff3a-e466-495e-a534-98511a62bda2,13991889,4,18,Star vs. the Forces of Evil
,7113125-13991889-3,7113125,cd98dd45-4fd7-4e5e-b34c-a34bd55ee693,13991889,4,19,Star vs. the Forces of Evil
,7113128-13991889-3,7113128,5c8da1a2-4e26-4924-97ed-81ced9e85e9c,13991889,4,21,Star vs. the Forces of Evil
,7113132-13991889-3,7113132,62962527-7d71-4f41-84a2-247523114e82,13991889,4,22,Star vs. the Forces of Evil
,7113137-13991889-3,7113137,26b4b75b-63a7-4139-96d2-b3e6f7c65df0,13991889,4,23,Star vs. the Forces of Evil
,7113138-13991889-3,7113138,240574bc-806d-4613-bb8f-614ed0e7d853,13991889,4,24,Star vs. the Forces of Evil
,7113161-13991889-3,7113161,672df6ea-5d3b-4978-8826-48ae3759dbdc,13991889,4,26,Star vs. the Forces of Evil
,7113166-13991889-3,7113166,76b3122a-e0f1-4479-a0cb-c49c5d01a16d,13991889,4,27,Star vs. the Forces of Evil
,7113171-13991889-3,7113171,7e458fe3-7f23-4a0d-8a13-4e65f9b63316,13991889,4,28,Star vs. the Forces of Evil
,7118392-13991889-3,7118392,d5db3bd6-e058-4e04-b499-412d9b25271a,13991889,4,29,Star vs. the Forces of Evil
,7118394-13991889-3,7118394,6701b135-f702-44dc-be95-12683011ce3e,13991889,4,30,Star vs. the Forces of Evil
,7118396-13991889-3,7118396,3e2fa7d0-43b2-473e-af84-b5c57fec16b1,13991889,4,31,Star vs. the Forces of Evil
,7118398-13991889-3,7118398,4534b95d-6ba1-4000-b616-2a58dbcecc26,13991889,4,32,Star vs. the Forces of Evil
,7118398-13991889-29,7118398,4534b95d-6ba1-4000-b616-2a58dbcecc26,13991889,4,32,Star vs. the Forces of Evil
,7118400-13991889-3,7118400,396cce5b-323d-4166-a11b-d9d0cf9e0ef2,13991889,4,33,Star vs. the Forces of Evil
,7118401-13991889-3,7118401,fe3a6bda-fb28-46da-a681-2d8ba4065433,13991889,4,34,Star vs. the Forces of Evil
,7118402-13991889-3,7118402,5485b037-8a9b-401b-a3cf-37f911cdf4d7,13991889,4,35,Star vs. the Forces of Evil
,7118403-13991889-3,7118403,57832625-abef-46d5-a9c6-f648f11a05c7,13991889,4,36,Star vs. the Forces of Evil
,7159480-13991889-3,7159480,6af6a3a2-35a8-4be4-bfea-7148cfb30b0b,13991889,5,22,The Flash (2014)
,7171864-13991889-3,7171864,00cfb14c-2121-4714-aa24-7a8a5cd22d72,13991889,1,1,The Rook
,7178663-13991889-3,7178663,b6ecd42b-d48c-498e-95f1-b5ad84f0cfc3,13991889,2,2,The Rain
,7185733-13991889-3,7185733,f5c1a43c-ae1e-44a7-93ec-a308007b7331,13991889,5,3,Black Mirror
,7187608-13991889-3,7187608,40d623f2-869b-4cce-8d2f-12c6f79a0c3e,13991889,5,4,iZombie
,7187610-13991889-3,7187610,71281547-87cc-4a82-917a-08937a668cd7,13991889,5,5,iZombie
,7192545-13991889-3,7192545,4131c059-7730-4ef4-b17c-34b8e698f6f2,13991889,5,2,Black Mirror
,7201770-13991889-3,7201770,041fa894-1a97-4217-a1e6-37390b704828,13991889,1,2,The Rook
,7201771-13991889-3,7201771,8dfeb23c-c057-42b2-adaa-b18d484827de,13991889,1,3,The Rook
,7201772-13991889-3,7201772,1def008f-58be-40b9-bdee-a5a6cf54b126,13991889,1,4,The Rook
,7212646-13991889-3,7212646,d19bdd23-d08a-42ca-84e7-f7a034aeaa48,13991889,2,2,Final Space
,7212647-13991889-3,7212647,a0530d77-8b74-48d1-8580-d930957ac44a,13991889,2,3,Final Space
,7214387-13991889-3,7214387,71d64b9e-afce-4d6a-a56f-ee18a587dcfe,13991889,1,5,The Rook
,7225057-13991889-3,7225057,fcd08e78-0d36-4382-8487-2df7f53dace3,13991889,1,6,The Rook
,7233272-13991889-3,7233272,16555d47-c250-4ae0-831f-c4b62ccb3977,13991889,5,8,iZombie
,7233275-13991889-3,7233275,6f6e8b37-c4f5-4b39-9805-87fa9bd012c4,13991889,5,9,iZombie
,7240965-13991889-3,7240965,bc1f4323-37c2-4e00-b494-2a177f612878,13991889,1,1,Batwoman
,7267919-13991889-3,7267919,2e01f02a-28cb-4868-bba5-0f5f4b83245b,13991889,1,8,The Rook
,7267920-13991889-3,7267920,829e88b0-0fc0-4f46-9276-bad2ee3db2ae,13991889,1,7,The Rook
,7296649-13991889-3,7296649,6ec4c017-0ef7-4dd9-adea-8abae45c41a7,13991889,2,8,Final Space
,7296651-13991889-3,7296651,c8243d30-07b6-4188-af63-f5e4ed2422d7,13991889,2,9,Final Space
,7296653-13991889-3,7296653,b4c8e0f4-8096-4d2a-ae65-72e993bed720,13991889,2,10,Final Space
,7365510-13991889-3,7365510,b39aa664-8268-4807-9b90-dd2cb76426fc,13991889,1,6,Batwoman
,7388319-13991889-3,7388319,32e61966-986a-4c80-bd4c-344f068e77b4,13991889,4,2,Mr. Robot
,7389443-13991889-3,7389443,c6729a03-9d06-4bf3-8608-3a4a17261dbf,13991889,3,2,Black Lightning
,7389449-13991889-3,7389449,09f0d7be-1798-4786-99e6-f894ddb60964,13991889,3,3,Black Lightning
,7395732-13991889-3,7395732,b2060aa6-42f6-4a04-b55f-2b03b476ae04,13991889,2,6,The End of the F***ing World
,7395761-13991889-3,7395761,6b3c7184-32c1-44da-87f0-487b06e0a0a7,13991889,1,9,Batwoman
,7422123-13991889-3,7422123,fa5dbf1b-80b4-43c8-9cc4-fae75427defb,13991889,6,3,Silicon Valley
,7425877-13991889-3,7425877,50ce9a2e-2e37-4fae-b09f-33ac9ef1d723,13991889,4,6,Mr. Robot
,7456833-13991889-3,7456833,23bfea0e-0009-4b7c-97e0-b71b2bbc7d1c,13991889,3,9,Young Sheldon
,7458663-13991889-3,7458663,de564a08-304d-400f-8b82-0cf317f84707,13991889,5,1,Better Call Saul
,7459690-13991889-3,7459690,37a16e11-5edb-4429-9071-e5fb5584933b,13991889,3,10,Young Sheldon
,7464648-13991889-3,7464648,a4d02036-d9fc-41b8-a31e-c1622e093826,13991889,4,11,Mr. Robot
,7490558-13991889-3,7490558,2538087d-d312-4a26-ba9b-4b15725c4ebd,13991889,3,11,Young Sheldon
,7495677-13991889-3,7495677,58d3a529-6d91-4a93-8f2b-3eeb2457f048,13991889,4,12,Mr. Robot
,7521793-13991889-3,7521793,a4fcef34-72a3-495a-9cd0-84565092eba2,13991889,1,10,Batwoman
,7534233-13991889-3,7534233,c4cb5f67-cda9-4399-a8f5-2810d0797fc1,13991889,1,11,Batwoman
,7539973-13991889-3,7539973,7feae867-b55c-4da6-8b70-13c3da1f484c,13991889,3,14,Young Sheldon
,7731997-13991889-29,7731997,a3b4967e-2bad-4bbe-a3de-4cead3cbba62,13991889,3,1,The Rain
,7798150-13991889-3,7798150,d5d32d74-6b6b-4bc1-88e8-b5caff3bb278,13991889,3,3,The Rain
