episode_id,show_character_id,created_at,episode_number,user_id,updated_at,fb_action_id,tv_show_name,episode_season_number
155935,65935129,2019-10-23 15:47:21,1,13991889,2019-10-23 15:47:21,,Avatar: The Last Airbender,1
155936,68771912,2019-10-23 15:47:27,2,13991889,2019-10-23 15:47:27,,Avatar: The Last Airbender,1
155937,65935131,2019-10-23 15:47:34,3,13991889,2019-10-23 15:47:34,,Avatar: The Last Airbender,1
155938,65935133,2019-10-23 15:47:43,4,13991889,2019-10-23 15:47:43,,Avatar: The Last Airbender,1
155947,68771912,2019-11-02 07:41:52,14,13991889,2019-11-02 07:42:00,,Avatar: The Last Airbender,1
295483,68771912,2019-11-08 18:54:27,17,13991889,2019-11-08 18:54:27,,Avatar: The Last Airbender,1
296054,63544726,2019-10-30 15:41:32,1,13991889,2019-10-30 15:41:32,,Drawn Together,1
300635,65935129,2019-11-06 21:23:12,15,13991889,2019-11-06 21:23:12,,Avatar: The Last Airbender,1
301700,68771912,2019-11-06 21:49:09,16,13991889,2019-11-06 21:49:11,,Avatar: The Last Airbender,1
301701,65935131,2019-11-08 20:43:29,18,13991889,2019-11-08 20:43:29,,Avatar: The Last Airbender,1
301702,68771912,2019-11-08 20:43:39,19,13991889,2019-11-08 20:43:39,,Avatar: The Last Airbender,1
301703,68771912,2019-11-08 20:43:49,20,13991889,2019-11-08 20:43:49,,Avatar: The Last Airbender,1
2062411,64178879,2021-10-22 00:55:42,10,13991889,2021-10-22 00:55:42,,Breaking Bad,3
3254641,63976215,2019-05-24 12:14:44,1,13991889,2019-05-24 12:14:44,,Game of Thrones,1
3436411,63976223,2019-05-24 12:14:56,2,13991889,2019-05-24 12:14:56,,Game of Thrones,1
3436421,63976215,2019-05-25 22:39:30,3,13991889,2019-05-25 22:39:34,,Game of Thrones,1
3436441,63976056,2019-05-26 16:08:13,5,13991889,2019-05-26 16:08:13,,Game of Thrones,1
4123350,64178863,2019-02-25 19:12:53,4,13991889,2019-02-25 19:12:56,,Breaking Bad,4
4123351,64178899,2019-02-25 19:12:37,5,13991889,2019-02-25 19:12:37,,Breaking Bad,4
4710226,64977630,2018-07-31 18:53:39,5,13991889,2018-07-31 18:53:42,,Steven Universe,1
4710227,64977630,2018-07-31 17:22:51,6,13991889,2018-07-31 17:22:51,,Steven Universe,1
4711142,65120487,2017-08-29 01:32:59,1,13991889,2017-08-29 01:33:00,,Rick and Morty,1
4727778,64977649,2018-07-31 17:33:53,7,13991889,2018-07-31 17:33:53,,Steven Universe,1
4753096,64977630,2018-07-31 18:53:24,8,13991889,2018-07-31 18:53:24,,Steven Universe,1
4753097,64977636,2018-08-02 01:00:40,9,13991889,2018-08-02 01:00:40,,Steven Universe,1
4753098,64977630,2018-08-02 01:00:52,10,13991889,2018-08-02 01:00:52,,Steven Universe,1
4796466,64977633,2018-08-02 21:19:49,11,13991889,2018-08-02 21:19:49,,Steven Universe,1
4796468,64977681,2018-08-02 21:19:55,12,13991889,2018-08-02 21:19:55,,Steven Universe,1
4811303,64977630,2018-08-03 19:18:23,13,13991889,2018-08-03 19:18:23,,Steven Universe,1
4811304,64977665,2018-08-03 19:18:44,14,13991889,2018-08-03 19:18:44,,Steven Universe,1
4811305,64977630,2018-08-03 19:19:23,15,13991889,2018-08-03 19:19:28,,Steven Universe,1
4852045,64977649,2018-08-05 04:41:20,17,13991889,2018-08-05 04:41:20,,Steven Universe,1
4852046,64977630,2018-08-05 04:42:25,18,13991889,2018-08-05 04:42:25,,Steven Universe,1
4852047,64977665,2018-08-12 02:11:50,19,13991889,2018-08-12 02:11:50,,Steven Universe,1
4881757,64977638,2018-08-12 02:11:43,20,13991889,2018-08-12 02:11:43,,Steven Universe,1
4890897,64977630,2018-08-12 02:11:34,21,13991889,2018-08-12 02:11:34,,Steven Universe,1
4921347,422693,2020-07-27 06:51:00,15,13991889,2020-07-27 06:51:00,,Akame ga Kill!,1
4921348,422696,2020-07-27 06:50:42,16,13991889,2020-07-27 06:50:47,,Akame ga Kill!,1
4921349,422693,2020-07-27 06:50:32,17,13991889,2020-07-27 06:50:32,,Akame ga Kill!,1
4942078,64833033,2020-02-26 06:14:58,1,13991889,2020-02-26 06:14:58,,The Seven Deadly Sins,1
4976674,64977630,2018-08-12 02:11:18,22,13991889,2018-08-12 02:11:18,,Steven Universe,1
4990266,64977630,2018-08-12 02:11:09,23,13991889,2018-08-12 02:11:09,,Steven Universe,1
4990267,64977649,2018-08-12 02:11:01,24,13991889,2018-08-12 02:11:01,,Steven Universe,1
4990268,64977630,2018-08-12 02:10:55,25,13991889,2018-08-12 02:10:55,,Steven Universe,1
4990269,64977661,2018-08-12 02:10:50,26,13991889,2018-08-12 02:10:50,,Steven Universe,1
5002364,64977630,2018-08-12 02:56:13,27,13991889,2018-08-12 02:56:13,,Steven Universe,1
5002365,64977638,2018-08-12 02:40:55,28,13991889,2018-08-12 02:40:55,,Steven Universe,1
5012562,64977630,2018-08-12 02:26:04,29,13991889,2018-08-12 02:26:04,,Steven Universe,1
5012563,64977646,2018-08-12 02:10:33,30,13991889,2018-08-12 02:10:36,,Steven Universe,1
5012564,64977653,2018-08-13 22:58:57,31,13991889,2018-08-13 22:58:57,,Steven Universe,1
5032896,64977680,2018-08-19 01:16:51,32,13991889,2018-08-19 01:16:51,,Steven Universe,1
5040748,64977633,2018-08-19 01:17:09,33,13991889,2018-08-19 01:17:14,,Steven Universe,1
5040749,64977630,2018-08-19 01:17:24,34,13991889,2018-08-19 01:17:29,,Steven Universe,1
5055362,64977665,2018-08-19 01:17:38,35,13991889,2018-08-19 01:17:38,,Steven Universe,1
5078573,355222,2018-08-19 02:54:35,37,13991889,2018-08-19 02:54:35,,Steven Universe,1
5078574,64977630,2018-08-19 03:15:37,38,13991889,2018-08-19 03:15:37,,Steven Universe,1
5078575,64977633,2018-08-19 03:31:20,39,13991889,2018-08-19 03:31:20,,Steven Universe,1
5121577,64977636,2018-08-19 04:13:44,40,13991889,2018-08-19 04:13:44,,Steven Universe,1
5121578,64977653,2018-08-19 04:57:09,41,13991889,2018-08-19 04:57:09,,Steven Universe,1
5121579,64977630,2018-08-19 05:08:16,42,13991889,2018-08-19 05:08:16,,Steven Universe,1
5121580,64977636,2018-08-19 05:20:53,43,13991889,2018-08-19 05:20:53,,Steven Universe,1
5141188,64977630,2018-08-19 05:32:25,44,13991889,2018-08-19 05:32:25,,Steven Universe,1
5146500,64977650,2018-08-20 06:35:15,45,13991889,2018-08-20 06:35:15,,Steven Universe,1
5152476,64977641,2018-08-23 02:04:05,46,13991889,2018-08-23 02:04:08,,Steven Universe,1
5152477,64977630,2018-08-24 20:05:46,47,13991889,2018-08-24 20:05:51,,Steven Universe,1
5152478,64977630,2018-08-24 20:33:33,48,13991889,2018-08-24 20:33:33,,Steven Universe,1
5152479,64977633,2018-08-24 20:45:25,49,13991889,2018-08-24 20:45:25,,Steven Universe,1
5158287,64977649,2018-08-24 22:06:13,1,13991889,2018-08-24 22:06:13,,Steven Universe,2
5158298,64977641,2018-09-04 19:30:38,5,13991889,2018-09-04 19:30:38,,Steven Universe,2
5173456,64977630,2018-09-04 19:30:50,6,13991889,2018-09-04 19:30:50,,Steven Universe,2
5211997,64977661,2018-09-08 23:20:56,13,13991889,2018-09-08 23:20:58,,Steven Universe,2
5211998,64977665,2018-09-08 23:09:01,12,13991889,2018-09-08 23:09:04,,Steven Universe,2
5219321,335192,2017-07-24 08:32:26,3,13991889,2017-07-24 08:32:36,,Sense8,1
5228262,64977108,2017-08-15 05:54:02,7,13991889,2017-08-15 05:54:02,,Sense8,1
5228265,64977075,2017-08-19 17:36:36,10,13991889,2017-08-19 17:36:36,,Sense8,1
5228266,64977153,2017-08-19 17:36:19,11,13991889,2017-08-19 17:36:19,,Sense8,1
5250644,64977664,2018-09-08 23:54:13,15,13991889,2018-09-08 23:54:13,,Steven Universe,2
5276622,64977636,2018-09-11 14:09:37,16,13991889,2018-09-11 14:09:39,,Steven Universe,2
5276631,64977659,2018-09-20 16:00:20,18,13991889,2018-09-20 16:00:20,,Steven Universe,2
5276632,64977649,2018-09-20 18:33:34,19,13991889,2018-09-20 18:33:37,,Steven Universe,2
5276633,64977630,2018-09-20 18:50:33,21,13991889,2018-09-20 18:50:33,,Steven Universe,2
5276634,64977659,2018-09-20 19:02:13,22,13991889,2018-09-20 19:02:13,,Steven Universe,2
5295278,64977659,2018-09-20 19:26:58,23,13991889,2018-09-20 19:26:58,,Steven Universe,2
5295279,64977646,2018-09-20 18:33:21,20,13991889,2018-09-20 18:33:21,,Steven Universe,2
5357869,64977630,2018-09-04 19:30:03,4,13991889,2018-09-04 19:30:03,,Steven Universe,2
5358120,64977636,2018-09-08 23:41:29,14,13991889,2018-09-08 23:41:29,,Steven Universe,2
5359944,64977630,2018-08-24 22:18:06,2,13991889,2018-08-24 22:18:06,,Steven Universe,2
5359992,64977630,2018-09-04 19:29:54,3,13991889,2018-09-04 19:29:54,,Steven Universe,2
5360059,64977633,2018-09-04 19:43:14,7,13991889,2018-09-04 19:43:14,,Steven Universe,2
5360066,64977636,2018-09-04 19:57:06,8,13991889,2018-09-04 19:57:06,,Steven Universe,2
5360125,64977667,2018-09-04 20:23:37,10,13991889,2018-09-04 20:23:37,,Steven Universe,2
5360137,64977633,2018-09-08 22:53:16,11,13991889,2018-09-08 22:53:16,,Steven Universe,2
5363792,64977633,2018-09-20 19:59:05,25,13991889,2018-09-20 19:59:05,,Steven Universe,2
5363793,64977630,2018-09-20 20:35:56,26,13991889,2018-09-20 20:35:56,,Steven Universe,2
5545438,65071140,2017-12-11 02:17:31,1,13991889,2017-12-11 02:17:31,,Van Helsing,1
5560087,63393738,2019-07-06 08:15:24,19,13991889,2019-07-06 08:15:24,,iZombie,2
5576362,64977630,2018-09-24 19:01:04,1,13991889,2018-09-24 19:01:04,,Steven Universe,3
5576363,64977630,2018-09-24 19:01:29,2,13991889,2018-09-24 19:01:29,,Steven Universe,3
5576364,64977659,2018-09-24 19:14:48,4,13991889,2018-09-24 19:14:51,,Steven Universe,3
5576365,64977661,2018-09-24 19:01:22,3,13991889,2018-09-24 19:01:22,,Steven Universe,3
5576366,64977663,2018-09-25 04:44:55,5,13991889,2018-09-25 04:44:55,,Steven Universe,3
5682080,63448778,2020-01-06 03:50:48,1,13991889,2020-01-06 03:50:48,,Travelers (2016),1
5689239,63393738,2019-07-06 08:17:42,1,13991889,2019-07-06 08:17:42,,iZombie,3
5700172,64073347,2018-07-22 06:03:15,1,13991889,2018-07-22 06:03:21,,Channel Zero,1
5700822,63393738,2019-07-06 08:17:52,2,13991889,2019-07-06 08:18:00,,iZombie,3
5763872,63393738,2019-07-06 08:15:11,3,13991889,2019-07-06 08:15:11,,iZombie,3
5763873,63393738,2019-07-06 08:13:57,4,13991889,2019-07-06 08:13:57,,iZombie,3
5763874,63393738,2019-07-06 08:13:15,5,13991889,2019-07-06 08:13:17,,iZombie,3
5787419,65163138,2018-07-12 00:58:29,3,13991889,2018-07-12 00:58:29,,3%,1
5880351,398214,2018-05-17 00:44:52,27,13991889,2018-05-17 00:44:52,,Dragon Ball Super,4
5880381,398214,2018-05-17 00:44:48,28,13991889,2018-05-17 00:44:48,,Dragon Ball Super,4
5880397,398201,2018-05-17 00:44:44,29,13991889,2018-05-17 00:44:44,,Dragon Ball Super,4
5880400,398201,2018-05-17 00:44:30,30,13991889,2018-05-17 00:44:30,,Dragon Ball Super,4
5940804,64066589,2018-08-27 21:03:58,7,13991889,2018-08-27 21:03:58,,The 100,4
5940805,64066577,2018-09-08 14:50:34,13,13991889,2018-09-08 14:50:34,,The 100,4
5941009,64066623,2018-08-31 20:12:24,8,13991889,2018-08-31 20:12:24,,The 100,4
5941011,64066589,2018-09-08 14:50:58,11,13991889,2018-09-08 14:50:58,,The 100,4
5941030,64066577,2018-09-08 14:51:08,9,13991889,2018-09-08 14:51:08,,The 100,4
5943802,64066583,2018-09-08 14:50:43,12,13991889,2018-09-08 14:50:45,,The 100,4
5947380,64066583,2018-09-08 14:51:13,10,13991889,2018-09-08 14:51:13,,The 100,4
6213689,63930742,2018-07-29 19:41:51,1,13991889,2018-07-29 19:41:51,,Krypton,1
6218771,64878586,2018-07-27 19:38:20,1,13991889,2018-07-29 01:02:12,,Final Space,1
6232850,63891240,2017-11-05 05:52:05,4,13991889,2017-11-05 05:52:05,,DC's Legends of Tomorrow,3
6241912,64438428,2018-07-02 20:03:44,29,13991889,2018-07-02 20:03:44,,Dragon Ball Super,5
6279753,64050037,2018-07-16 03:57:12,1,13991889,2018-07-16 03:57:12,,Happy!,1
6299661,63930732,2018-07-29 21:31:43,2,13991889,2018-07-29 21:31:43,,Krypton,1
6299662,63930737,2018-08-19 17:33:16,3,13991889,2018-08-19 17:33:25,,Krypton,1
6299664,63930773,2018-08-22 21:02:40,4,13991889,2018-08-22 21:02:48,,Krypton,1
6304546,63632914,2020-01-02 06:08:08,1,13991889,2020-01-02 06:08:08,,The Alienist,1
6374933,64050057,2018-07-16 03:56:56,2,13991889,2018-07-16 03:56:56,,Happy!,1
6378507,63448765,2020-01-14 19:51:11,11,13991889,2020-01-14 19:51:11,,Travelers (2016),2
6379885,64821436,2019-11-06 06:45:58,8,13991889,2019-11-06 06:45:58,,The End of the F***ing World,1
6411823,64050057,2018-07-17 02:17:24,3,13991889,2018-07-17 02:17:24,,Happy!,1
6411824,64050037,2018-07-17 02:17:35,4,13991889,2018-07-17 02:17:35,,Happy!,1
6412771,63883472,2019-06-08 06:48:11,1,13991889,2019-06-08 06:48:11,,Good Girls,1
6496773,63930732,2018-09-09 23:45:33,5,13991889,2018-09-09 23:45:37,,Krypton,1
6496774,63930754,2018-09-10 02:18:13,6,13991889,2018-09-10 02:18:13,,Krypton,1
6496776,63930732,2018-09-11 18:01:41,7,13991889,2018-09-11 18:01:41,,Krypton,1
6511234,64438651,2018-07-14 21:12:11,51,13991889,2018-07-14 21:12:11,,Dragon Ball Super,5
6511235,398211,2018-07-14 21:12:03,52,13991889,2018-07-14 21:12:07,,Dragon Ball Super,5
6511236,398197,2018-07-14 21:12:23,53,13991889,2018-07-14 21:12:23,,Dragon Ball Super,5
6511237,398197,2018-07-14 21:33:25,54,13991889,2018-07-14 21:33:27,,Dragon Ball Super,5
6532980,65163162,2018-08-07 05:34:40,1,13991889,2018-08-07 05:34:40,,3%,2
6537947,64878586,2018-07-29 01:02:11,2,13991889,2018-07-29 01:02:11,,Final Space,1
6538304,64066757,2019-06-24 04:08:49,13,13991889,2019-06-24 04:08:49,,The 100,5
6547749,65194735,2019-10-01 03:40:03,36,13991889,2019-10-01 03:40:03,,Star vs. the Forces of Evil,3
6547760,65194709,2019-10-01 03:39:18,37,13991889,2019-10-01 03:39:18,,Star vs. the Forces of Evil,3
6547773,65194735,2019-10-01 03:38:44,38,13991889,2019-10-01 03:39:04,,Star vs. the Forces of Evil,3
6563912,64878582,2018-07-29 01:02:04,3,13991889,2018-07-29 01:02:04,,Final Space,1
6563913,64878586,2018-07-29 01:01:48,4,13991889,2018-07-29 01:01:48,,Final Space,1
6563915,64878589,2018-07-29 01:01:42,5,13991889,2018-07-29 01:01:42,,Final Space,1
6563916,64878588,2018-07-29 01:27:57,6,13991889,2018-07-29 01:27:57,,Final Space,1
6580217,64878589,2018-07-29 01:54:20,7,13991889,2018-07-29 01:54:20,,Final Space,1
6580218,64878586,2018-07-29 04:12:50,8,13991889,2018-07-29 04:12:50,,Final Space,1
6580219,64878581,2018-07-29 04:13:05,9,13991889,2018-07-29 04:13:05,,Final Space,1
6580220,64878586,2018-07-29 04:42:06,10,13991889,2018-07-29 04:42:06,,Final Space,1
6601824,63819082,2019-11-05 05:09:56,1,13991889,2019-11-05 05:09:56,,Titans (2018),1
6608628,65163136,2018-08-07 05:34:51,2,13991889,2018-08-07 05:34:51,,3%,2
6608631,65163159,2018-08-12 05:14:12,3,13991889,2018-08-12 05:14:12,,3%,2
6608637,65163162,2018-08-12 05:14:00,4,13991889,2018-08-12 05:14:00,,3%,2
6608642,65163156,2018-08-12 05:13:52,5,13991889,2018-08-12 05:13:52,,3%,2
6608646,65163159,2018-08-12 05:13:43,6,13991889,2018-08-12 05:13:43,,3%,2
6608649,65163162,2018-08-12 19:37:05,7,13991889,2018-08-12 19:37:05,,3%,2
6608651,65163136,2018-08-14 21:48:17,8,13991889,2018-08-14 21:48:17,,3%,2
6614016,63930732,2018-09-14 19:59:53,10,13991889,2018-09-14 19:59:53,,Krypton,1
6619954,63393738,2019-10-15 16:56:59,13,13991889,2019-10-15 16:56:59,,iZombie,4
6622395,64831765,2018-07-23 00:43:18,23,13991889,2018-07-23 00:43:18,,The Flash (2014),4
6643770,65163162,2018-08-14 21:48:07,9,13991889,2018-08-14 21:48:07,,3%,2
6643773,65163162,2018-08-15 01:40:12,10,13991889,2018-08-15 01:40:12,,3%,2
6663646,64977084,2018-06-10 05:30:17,12,13991889,2018-06-10 05:30:41,,Sense8,2
6671804,63365411,2018-11-25 19:46:55,8,13991889,2018-11-25 19:46:55,,Elite,1
6699345,63735601,2018-08-17 19:47:28,1,13991889,2018-08-17 19:47:35,,Disenchantment,1
6699487,63735599,2018-08-17 20:42:50,2,13991889,2018-08-17 20:42:54,,Disenchantment,1
6699488,63735601,2018-08-18 04:45:16,3,13991889,2018-08-18 04:45:16,,Disenchantment,1
6699489,63735599,2018-08-18 14:40:13,4,13991889,2018-08-18 14:40:13,,Disenchantment,1
6699490,63735600,2018-08-18 14:40:25,5,13991889,2018-08-18 14:40:25,,Disenchantment,1
6699491,63735599,2018-08-18 15:15:27,6,13991889,2018-08-18 15:15:27,,Disenchantment,1
6699493,63735600,2018-08-18 21:39:50,7,13991889,2018-08-18 21:39:54,,Disenchantment,1
6699494,63735599,2018-08-18 21:40:12,8,13991889,2018-08-18 21:40:12,,Disenchantment,1
6699495,63735599,2018-08-19 00:00:46,9,13991889,2018-08-19 00:00:46,,Disenchantment,1
6699496,63735599,2018-08-19 02:24:19,10,13991889,2018-08-19 02:24:19,,Disenchantment,1
6733442,63448426,2018-11-03 02:49:32,1,13991889,2018-11-03 02:49:32,,Black Lightning,2
6753772,63448436,2018-11-03 02:49:24,2,13991889,2018-11-03 02:49:24,,Black Lightning,2
6753773,63448426,2018-11-03 02:49:10,3,13991889,2018-11-03 02:49:10,,Black Lightning,2
6764190,63323834,2018-09-08 21:52:41,3,13991889,2018-09-08 21:52:41,,Super Dragon Ball Heroes,1
6771499,63410448,2018-09-08 20:59:46,1,13991889,2018-09-08 20:59:46,,Paradise PD,1
6785212,64066659,2019-06-24 04:09:01,1,13991889,2019-06-24 04:09:31,,The 100,6
6790744,63891275,2018-11-15 00:07:25,4,13991889,2018-11-15 00:07:25,,DC's Legends of Tomorrow,4
6792119,64066659,2019-06-24 04:09:11,2,13991889,2019-06-24 04:09:11,,The 100,6
6794675,64831747,2018-11-07 02:44:16,3,13991889,2018-11-07 02:44:16,,The Flash (2014),5
6794677,64831773,2018-11-07 20:23:19,4,13991889,2018-11-07 20:23:19,,The Flash (2014),5
6794679,64831753,2018-11-15 09:45:55,5,13991889,2018-11-15 09:45:55,,The Flash (2014),5
6800815,63410448,2018-09-08 21:52:19,2,13991889,2018-09-08 21:52:19,,Paradise PD,1
6800817,63410448,2018-09-14 20:00:40,3,13991889,2018-09-14 20:00:43,,Paradise PD,1
6800818,63410437,2018-09-18 21:41:39,4,13991889,2018-09-18 21:41:39,,Paradise PD,1
6800820,63410444,2018-09-18 21:41:34,5,13991889,2018-09-18 21:41:34,,Paradise PD,1
6800821,63410434,2018-09-18 21:41:30,6,13991889,2018-09-18 21:41:30,,Paradise PD,1
6800823,63410444,2018-09-26 22:32:31,7,13991889,2018-09-26 22:32:31,,Paradise PD,1
6800825,63410448,2018-09-26 22:32:15,8,13991889,2018-09-26 22:32:15,,Paradise PD,1
6800828,63410444,2018-09-26 22:32:08,9,13991889,2018-09-26 22:32:08,,Paradise PD,1
6800831,63410434,2018-09-26 22:31:55,10,13991889,2018-09-26 22:31:55,,Paradise PD,1
6814864,63393732,2019-10-15 16:56:49,1,13991889,2019-10-15 16:56:52,,iZombie,5
6814866,63393732,2019-10-15 23:30:40,2,13991889,2019-10-15 23:30:40,,iZombie,5
6814868,63393738,2019-10-16 02:29:05,3,13991889,2019-10-16 02:29:05,,iZombie,5
6881113,438625,2018-12-11 04:05:34,9,13991889,2018-12-11 04:05:34,,The Flash (2014),5
6885898,64831747,2018-12-05 19:43:26,8,13991889,2018-12-05 19:43:26,,The Flash (2014),5
6894195,64933195,2019-03-07 21:24:49,2,13991889,2019-03-07 21:24:49,,Narcos: Mexico,1
7044955,434055,2019-10-02 04:24:20,8,13991889,2019-10-02 04:24:20,,Star vs. the Forces of Evil,4
7044957,65194735,2019-10-02 04:24:30,9,13991889,2019-10-02 04:24:30,,Star vs. the Forces of Evil,4
7044961,65194735,2019-10-02 04:24:43,10,13991889,2019-10-02 04:24:43,,Star vs. the Forces of Evil,4
7044964,65194743,2019-10-02 23:56:57,12,13991889,2019-10-02 23:56:57,,Star vs. the Forces of Evil,4
7044966,65194701,2019-10-02 23:57:08,13,13991889,2019-10-02 23:57:08,,Star vs. the Forces of Evil,4
7061640,64050057,2019-06-24 20:18:26,10,13991889,2019-06-24 20:18:31,,Happy!,2
7085504,64831757,2019-03-21 23:13:30,17,13991889,2019-03-21 23:13:34,,The Flash (2014),5
7113115,367914,2019-10-02 23:57:20,14,13991889,2019-10-02 23:57:20,,Star vs. the Forces of Evil,4
7113166,65194701,2019-10-03 01:59:29,27,13991889,2019-10-03 01:59:29,,Star vs. the Forces of Evil,4
7113171,65194753,2019-10-03 01:59:33,28,13991889,2019-10-03 01:59:33,,Star vs. the Forces of Evil,4
7118396,65194701,2019-10-04 18:28:18,31,13991889,2019-10-04 18:28:18,,Star vs. the Forces of Evil,4
7118398,65194735,2019-10-04 18:28:07,32,13991889,2019-10-04 18:28:07,,Star vs. the Forces of Evil,4
7118400,65194701,2019-10-04 18:26:43,33,13991889,2019-10-04 18:26:43,,Star vs. the Forces of Evil,4
7118401,65194701,2019-10-04 18:27:08,34,13991889,2019-10-04 18:27:08,,Star vs. the Forces of Evil,4
7118402,65194735,2019-10-04 19:15:50,35,13991889,2019-10-04 19:15:50,,Star vs. the Forces of Evil,4
7118403,65194701,2019-10-04 19:16:03,36,13991889,2019-10-04 19:16:03,,Star vs. the Forces of Evil,4
7118404,65194701,2019-10-04 19:16:11,37,13991889,2019-10-04 19:16:11,,Star vs. the Forces of Evil,4
7145066,64831765,2019-05-11 03:46:11,21,13991889,2019-05-11 03:46:15,,The Flash (2014),5
7152841,457000,2019-06-19 16:09:06,21,13991889,2019-06-19 16:09:06,,Young Sheldon,2
7159480,64831753,2019-05-15 17:05:19,22,13991889,2019-05-15 17:05:19,,The Flash (2014),5
7159487,64066577,2019-06-24 04:08:24,3,13991889,2019-06-24 04:08:24,,The 100,6
7171864,64821732,2019-10-30 19:40:31,1,13991889,2019-10-30 19:40:31,,The Rook,1
7172420,496889,2019-06-24 04:08:02,4,13991889,2019-06-24 04:08:02,,The 100,6
7178663,63692189,2019-06-10 05:55:58,2,13991889,2019-06-10 05:56:03,,The Rain,2
7179417,64066765,2019-06-24 04:09:51,5,13991889,2019-06-24 04:09:51,,The 100,6
7187608,63393738,2019-10-16 02:29:20,4,13991889,2019-10-16 02:29:20,,iZombie,5
7187610,63393732,2019-10-16 03:26:38,5,13991889,2019-10-16 03:26:42,,iZombie,5
7187966,63735599,2019-09-23 14:40:21,19,13991889,2019-09-23 14:40:21,,Disenchantment,1
7201770,64821744,2019-10-30 19:40:40,2,13991889,2019-10-30 19:40:40,,The Rook,1
7201771,64821732,2019-10-30 19:40:52,3,13991889,2019-10-30 19:40:52,,The Rook,1
7201772,64821742,2019-10-30 19:40:56,4,13991889,2019-10-30 19:40:56,,The Rook,1
7209811,64066757,2019-06-24 20:18:44,6,13991889,2019-06-24 20:18:44,,The 100,6
7213811,63393738,2019-10-20 03:37:15,6,13991889,2019-10-20 03:37:15,,iZombie,5
7213812,63393735,2019-10-20 03:37:19,7,13991889,2019-10-20 03:37:19,,iZombie,5
7214387,64821732,2019-10-30 19:41:04,5,13991889,2019-10-30 19:41:04,,The Rook,1
7218172,64066577,2019-06-26 18:21:12,7,13991889,2019-06-26 18:21:12,,The 100,6
7225057,64821732,2019-10-31 05:03:48,6,13991889,2019-10-31 05:03:48,,The Rook,1
7233272,63393738,2019-10-20 03:37:24,8,13991889,2019-10-20 03:37:24,,iZombie,5
7240965,63531390,2019-12-12 05:47:48,1,13991889,2019-12-12 05:47:48,,Batwoman,1
7240976,63448434,2019-10-27 20:10:51,1,13991889,2019-10-27 20:10:51,,Black Lightning,3
7253908,63393744,2019-10-20 03:36:53,10,13991889,2019-10-20 03:36:53,,iZombie,5
7253909,63393738,2019-10-20 06:00:11,11,13991889,2019-10-20 06:00:11,,iZombie,5
7267919,64821732,2019-11-01 00:27:13,8,13991889,2019-11-01 00:27:13,,The Rook,1
7267920,64821732,2019-11-01 00:26:49,7,13991889,2019-11-01 00:26:49,,The Rook,1
7273123,63393738,2019-10-20 06:00:35,12,13991889,2019-10-20 06:00:35,,iZombie,5
7276490,63393738,2019-10-20 06:00:19,13,13991889,2019-10-20 06:00:19,,iZombie,5
7318462,65417180,2022-05-16 04:17:02,1,13991889,2022-05-16 04:17:02,,Halo,1
7325062,64531868,2019-11-01 20:29:44,1,13991889,2019-11-01 20:29:44,,Silicon Valley,6
7337251,65246904,2019-10-16 00:34:28,1,13991889,2019-10-16 00:34:28,,Mr. Robot,4
7337804,63531390,2019-12-12 05:48:02,2,13991889,2019-12-12 05:48:05,,Batwoman,1
7337807,63531398,2019-12-12 05:48:23,4,13991889,2019-12-12 05:48:23,,Batwoman,1
7337996,64831747,2019-10-16 20:14:38,2,13991889,2019-10-16 20:14:38,,The Flash (2014),6
7365509,63531390,2019-12-12 05:48:34,5,13991889,2019-12-12 05:48:34,,Batwoman,1
7365510,63531390,2019-12-12 05:48:53,6,13991889,2019-12-12 05:48:53,,Batwoman,1
7365511,63531390,2019-12-12 05:49:01,7,13991889,2019-12-12 05:49:01,,Batwoman,1
7365512,64831747,2019-11-07 00:20:13,3,13991889,2019-11-07 00:20:13,,The Flash (2014),6
7365513,64831747,2019-11-07 00:20:16,4,13991889,2019-11-07 00:20:16,,The Flash (2014),6
7365514,64831747,2019-11-07 00:20:54,5,13991889,2019-11-07 00:20:54,,The Flash (2014),6
7365515,498603,2020-02-14 04:37:08,6,13991889,2020-02-14 04:37:08,,The Flash (2014),6
7365516,498601,2020-02-14 04:37:13,7,13991889,2020-02-14 04:37:13,,The Flash (2014),6
7374309,65245641,2019-10-13 06:04:50,3,13991889,2019-10-13 06:04:50,,Young Sheldon,3
7382468,64667397,2019-11-02 07:04:16,1,13991889,2019-11-02 07:04:16,,Atypical,3
7388319,65246909,2019-10-24 21:14:38,2,13991889,2019-10-24 21:14:42,,Mr. Robot,4
7388320,65246904,2019-10-30 02:58:36,3,13991889,2019-10-30 02:58:39,,Mr. Robot,4
7389443,63448426,2019-10-22 00:14:08,2,13991889,2019-10-22 00:14:08,,Black Lightning,3
7389449,63448434,2019-10-27 20:10:37,3,13991889,2019-10-27 20:10:37,,Black Lightning,3
7394631,63531398,2019-12-12 05:48:17,3,13991889,2019-12-12 05:48:17,,Batwoman,1
7395719,64821436,2019-11-06 04:47:56,1,13991889,2019-11-06 04:47:56,,The End of the F***ing World,2
7395725,64821437,2019-11-06 04:48:13,2,13991889,2019-11-06 04:48:13,,The End of the F***ing World,2
7395727,64821437,2019-11-06 05:30:04,3,13991889,2019-11-06 05:30:04,,The End of the F***ing World,2
7395728,64821437,2019-11-06 05:30:22,4,13991889,2019-11-06 05:30:22,,The End of the F***ing World,2
7395729,64821437,2019-11-06 06:45:28,5,13991889,2019-11-06 06:45:28,,The End of the F***ing World,2
7395732,64821436,2019-11-06 06:45:36,6,13991889,2019-11-06 06:45:36,,The End of the F***ing World,2
7395733,64821436,2019-11-06 08:01:41,7,13991889,2019-11-06 08:01:42,,The End of the F***ing World,2
7395734,64821436,2019-11-06 08:02:04,8,13991889,2019-11-06 08:02:04,,The End of the F***ing World,2
7395755,63531394,2019-12-12 05:49:20,8,13991889,2019-12-12 05:49:24,,Batwoman,1
7395761,63531390,2020-02-24 04:51:00,9,13991889,2020-02-24 04:51:00,,Batwoman,1
7405318,65246924,2019-10-30 02:58:48,4,13991889,2019-10-30 02:58:48,,Mr. Robot,4
7410970,65245638,2019-11-09 05:12:57,5,13991889,2019-11-09 05:12:57,,Young Sheldon,3
7410971,65245671,2019-11-09 05:12:48,6,13991889,2019-11-09 05:12:48,,Young Sheldon,3
7416268,64667399,2019-11-06 22:49:53,2,13991889,2019-11-06 22:49:53,,Atypical,3
7416269,64667397,2019-11-07 06:16:58,3,13991889,2019-11-07 06:16:58,,Atypical,3
7416270,64667399,2019-11-07 06:17:04,4,13991889,2019-11-07 06:17:04,,Atypical,3
7416272,64667405,2019-11-07 07:03:32,5,13991889,2019-11-07 07:03:32,,Atypical,3
7416273,64667397,2019-11-08 05:29:20,6,13991889,2019-11-08 05:29:20,,Atypical,3
7416274,64667399,2019-11-08 05:29:48,7,13991889,2019-11-08 05:29:48,,Atypical,3
7416275,64667405,2019-11-08 05:30:03,8,13991889,2019-11-08 05:30:07,,Atypical,3
7416276,64667399,2019-11-08 06:09:53,9,13991889,2019-11-08 06:09:53,,Atypical,3
7416277,64667400,2019-11-08 06:39:41,10,13991889,2019-11-08 06:43:26,,Atypical,3
7428555,64245681,2019-12-30 18:17:42,1,13991889,2019-12-30 18:17:42,,The Witcher,1
7437752,64831747,2020-02-14 04:37:23,8,13991889,2020-02-14 04:37:23,,The Flash (2014),6
7437754,356975,2019-12-13 22:17:27,9,13991889,2019-12-13 22:17:27,,The Flash (2014),6
7477619,64831747,2020-02-14 04:36:44,10,13991889,2020-02-14 04:36:44,,The Flash (2014),6
7477620,64831747,2020-02-14 04:36:34,11,13991889,2020-02-14 04:36:34,,The Flash (2014),6
7501874,64476353,2023-03-28 21:00:54,8,13991889,2023-03-28 21:01:00,,Mythic Quest,1
7521793,63531398,2020-02-24 04:51:14,10,13991889,2020-02-24 04:51:14,,Batwoman,1
7534233,63531390,2020-02-24 04:51:26,11,13991889,2020-02-24 04:51:26,,Batwoman,1
7550552,65436603,2020-03-02 04:34:03,1,13991889,2020-03-02 04:34:03,,I Am Not Okay With This,1
7550553,65436785,2020-03-02 04:34:14,2,13991889,2020-03-02 04:34:14,,I Am Not Okay With This,1
7550554,65436603,2020-03-02 04:34:38,3,13991889,2020-03-02 04:34:38,,I Am Not Okay With This,1
7550557,65436603,2020-03-02 04:34:50,4,13991889,2020-03-02 04:34:50,,I Am Not Okay With This,1
7550559,65436785,2020-03-02 04:35:06,5,13991889,2020-03-02 04:35:06,,I Am Not Okay With This,1
7550560,65436603,2020-03-02 04:33:43,6,13991889,2020-03-02 04:33:43,,I Am Not Okay With This,1
7550563,65436603,2020-03-02 04:33:35,7,13991889,2020-03-02 04:33:35,,I Am Not Okay With This,1
7553213,64362463,2021-05-20 21:26:53,23,13991889,2021-05-20 21:26:53,,My Hero Academia,4
7553216,64362288,2021-05-22 03:58:32,25,13991889,2021-05-22 03:58:32,,My Hero Academia,4
7560337,63531398,2020-02-24 04:51:41,12,13991889,2020-02-24 04:51:41,,Batwoman,1
7564224,65245641,2020-02-28 03:14:41,16,13991889,2020-02-28 03:14:41,,Young Sheldon,3
7693422,65504480,2020-07-22 04:57:18,10,13991889,2020-07-22 04:57:18,,Stargirl,1
7731997,63692192,2020-08-17 16:20:55,1,13991889,2020-08-17 16:21:01,,The Rain,3
7798148,63692185,2020-08-17 16:21:18,2,13991889,2020-08-17 16:21:18,,The Rain,3
7798150,65614254,2020-08-17 16:21:32,3,13991889,2020-08-17 16:21:32,,The Rain,3
7798151,63692226,2020-08-17 16:22:12,4,13991889,2020-08-17 16:22:12,,The Rain,3
7798153,63692226,2020-08-17 16:22:25,5,13991889,2020-08-17 16:22:32,,The Rain,3
7798154,63692185,2020-08-17 16:20:37,6,13991889,2020-08-17 16:20:37,,The Rain,3
8167112,65245641,2021-04-18 16:45:57,8,13991889,2021-04-18 16:45:57,,Young Sheldon,4
8307201,66024864,2021-05-19 04:49:51,1,13991889,2021-05-19 04:49:51,,Sex!fy,1
8616998,66478083,2021-10-24 06:17:29,1,13991889,2021-10-24 06:17:29,,Inside Job,1
8890210,65417180,2022-05-16 04:17:01,2,13991889,2022-05-16 04:17:01,,Halo,1
8890211,65417180,2022-05-16 04:16:58,3,13991889,2022-05-16 04:16:58,,Halo,1
8974642,65710480,2022-05-16 04:16:54,4,13991889,2022-05-16 04:17:14,,Halo,1
8996831,65235968,2022-04-30 18:23:15,3,13991889,2022-04-30 18:23:15,,Better Call Saul,6
8996835,65235959,2022-05-24 19:06:51,7,13991889,2022-05-24 19:06:51,,Better Call Saul,6
9435218,65914245,2023-09-06 02:06:52,9,13991889,2023-09-06 02:06:52,,The Last of Us,1
9642740,68904792,2023-03-18 02:26:31,1,13991889,2023-03-18 02:26:31,,LOL: Last One Laughing Argentina,1
9664518,68904792,2023-03-18 02:26:38,2,13991889,2023-03-18 02:26:38,,LOL: Last One Laughing Argentina,1
9879037,65530791,2023-11-18 15:14:35,17,13991889,2023-11-18 15:14:35,,JUJUTSU KAISEN,2
9971637,65120457,2023-10-16 06:59:55,1,13991889,2023-10-16 06:59:55,,Rick and Morty,7
10843936,69063841,2025-01-31 23:10:41,4,13991889,2025-01-31 23:10:41,,Solo Leveling,2
10877362,69299190,2025-10-25 20:02:45,10,13991889,2025-10-25 20:02:45,,Your Friendly Neighborhood Spider-Man,1
