updated_at,tv_show_name,tv_show_id,user_id,emotion_id,count,created_at
2019-11-08 21:04:01,Avatar: The Last Airbender,74852,13991889,3,15,2019-10-26 12:47:57
2019-10-30 15:42:27,Drawn Together,78831,13991889,3,2,2019-10-30 15:42:08
2019-02-25 19:12:51,Breaking Bad,81189,13991889,1,1,2019-02-25 19:12:27
2021-10-22 00:55:38,Breaking Bad,81189,13991889,3,1,2021-10-22 00:55:38
2019-02-25 19:12:27,Breaking Bad,81189,13991889,8,1,2019-02-25 19:12:27
2019-05-24 12:16:49,Game of Thrones,121361,13991889,1,1,2019-05-24 12:16:49
2019-05-26 16:13:52,Game of Thrones,121361,13991889,3,2,2019-05-25 22:43:04
2019-05-24 12:16:30,Game of Thrones,121361,13991889,8,1,2019-05-24 12:16:30
2023-11-03 02:35:36,Suits,247808,13991889,3,1,2023-11-03 02:35:36
2018-08-14 21:48:19,3%,250749,13991889,1,4,2018-08-07 05:34:37
2018-08-12 05:14:04,3%,250749,13991889,2,0,2018-08-12 05:14:04
2018-08-15 01:40:13,3%,250749,13991889,3,7,2018-07-12 00:58:31
2023-07-09 00:59:35,Black Mirror,253463,13991889,3,6,2019-06-09 18:51:41
2017-08-19 17:36:25,Sense8,268156,13991889,2,1,2017-07-24 08:29:01
2018-06-10 05:29:43,Sense8,268156,13991889,3,2,2017-07-24 08:29:00
2017-08-19 17:36:32,Sense8,268156,13991889,4,2,2017-07-24 08:28:55
2018-09-07 22:50:57,The 100,268592,13991889,1,2,2018-09-07 20:51:10
2019-06-24 20:19:28,The 100,268592,13991889,3,18,2018-08-31 20:12:16
2018-08-27 21:03:57,The 100,268592,13991889,4,1,2018-08-27 21:03:57
2018-09-24 19:14:46,Steven Universe,270701,13991889,1,20,2018-08-03 19:18:55
2018-09-25 04:44:53,Steven Universe,270701,13991889,2,13,2018-07-31 17:33:56
2018-09-24 19:01:28,Steven Universe,270701,13991889,3,35,2018-07-31 17:22:48
2018-08-24 22:06:12,Steven Universe,270701,13991889,4,4,2018-08-19 01:17:35
2019-12-11 21:20:53,Peaky Blinders,270915,13991889,3,25,2019-12-11 21:16:40
2019-04-02 00:03:43,Better Call Saul,273181,13991889,1,1,2019-04-02 00:03:43
2022-05-24 19:06:46,Better Call Saul,273181,13991889,3,54,2020-07-25 04:56:03
2023-10-16 06:59:33,Rick and Morty,275274,13991889,3,1,2023-10-16 06:59:33
2020-02-05 23:09:58,Silicon Valley,277165,13991889,3,54,2019-11-01 20:30:20
2020-02-14 04:37:03,The Flash (2014),279121,13991889,1,2,2018-11-07 20:23:17
2020-02-14 04:37:03,The Flash (2014),279121,13991889,3,17,2018-07-23 00:43:20
2020-02-14 04:36:45,The Flash (2014),279121,13991889,6,2,2018-12-11 07:17:21
2020-07-27 06:51:13,Akame ga Kill!,280329,13991889,1,0,2020-07-27 06:51:13
2020-07-27 06:51:13,Akame ga Kill!,280329,13991889,3,3,2020-07-27 06:50:35
2019-10-23 14:55:57,iZombie,281470,13991889,3,142,2019-07-07 10:53:49
2017-09-21 03:10:57,Narcos,282670,13991889,3,1,2017-09-21 03:10:57
2019-10-04 06:34:52,Star vs. the Forces of Evil,282994,13991889,1,2,2019-10-04 06:34:52
2019-10-04 19:28:34,Star vs. the Forces of Evil,282994,13991889,3,282,2019-10-01 03:38:35
2020-02-26 06:14:55,The Seven Deadly Sins,284131,13991889,3,1,2020-02-26 06:14:55
2020-02-03 01:47:09,Mr. Robot,289590,13991889,3,49,2019-10-16 01:35:03
2018-05-17 00:45:00,Dragon Ball Super,295068,13991889,1,1,2018-05-17 00:45:00
2018-05-17 00:44:57,Dragon Ball Super,295068,13991889,2,2,2018-05-17 00:44:55
2018-05-17 00:45:01,Dragon Ball Super,295068,13991889,3,1,2018-05-17 00:45:01
2018-07-02 20:03:39,Dragon Ball Super,295068,13991889,4,1,2018-07-02 20:03:39
2019-12-09 05:51:38,Supergirl,295759,13991889,3,1,2019-12-09 05:51:28
2018-11-15 00:07:41,DC's Legends of Tomorrow,295760,13991889,1,1,2018-11-15 00:07:41
2017-11-05 05:52:02,DC's Legends of Tomorrow,295760,13991889,3,1,2017-11-05 05:52:01
2021-05-22 03:58:24,My Hero Academia,305074,13991889,3,2,2021-05-20 23:16:01
2017-12-11 02:17:44,Van Helsing,308772,13991889,3,1,2017-12-11 02:17:44
2020-01-18 06:30:15,Travelers (2016),314544,13991889,3,36,2020-01-18 06:18:50
2018-07-22 06:03:13,Channel Zero,315178,13991889,3,1,2018-07-22 06:03:13
2017-07-12 05:00:36,Legion,320724,13991889,1,0,2017-07-12 05:00:35
2017-07-12 05:00:48,Legion,320724,13991889,3,2,2017-07-12 05:00:36
2017-12-11 19:40:47,Disjointed,327359,13991889,3,1,2017-12-11 19:40:47
2018-07-16 03:57:20,Happy!,328361,13991889,1,2,2018-07-16 03:56:59
2019-06-24 20:20:06,Happy!,328361,13991889,3,2,2018-07-16 03:57:14
2019-06-08 06:48:19,Good Girls,328577,13991889,1,2,2019-06-08 06:48:18
2018-07-29 19:41:46,Krypton,328599,13991889,1,1,2018-07-29 19:41:46
2018-09-14 19:59:51,Krypton,328599,13991889,3,9,2018-07-29 21:31:46
2020-01-04 05:49:23,The Alienist,328690,13991889,3,3,2020-01-04 05:21:27
2020-02-28 03:15:07,Young Sheldon,328724,13991889,3,16,2019-06-19 16:09:02
2021-10-09 17:41:36,Classroom of the Elite,329822,13991889,6,1,2021-10-09 17:41:36
2019-11-08 06:39:38,Atypical,330374,13991889,3,10,2019-11-02 07:04:15
2019-10-30 04:27:14,Final Space,332353,13991889,1,0,2018-07-29 04:13:00
2019-10-30 04:27:28,Final Space,332353,13991889,2,0,2018-07-29 01:01:50
2019-10-30 04:27:40,Final Space,332353,13991889,3,42,2018-07-29 01:54:22
2019-10-30 04:27:18,Final Space,332353,13991889,4,0,2018-07-29 01:28:04
2018-11-03 02:49:16,Black Lightning,332525,13991889,1,1,2018-11-03 02:49:16
2019-10-28 23:51:15,Black Lightning,332525,13991889,3,8,2018-11-03 02:49:21
2019-11-06 08:01:56,The End of the F***ing World,336522,13991889,3,10,2019-11-06 04:47:46
2018-08-18 21:40:07,Disenchantment,340234,13991889,2,7,2018-08-17 19:47:27
2018-08-19 02:24:05,Disenchantment,340234,13991889,3,2,2018-08-18 14:40:21
2018-08-19 00:00:44,Disenchantment,340234,13991889,4,1,2018-08-19 00:00:44
2019-11-05 05:09:59,Titans (2018),341663,13991889,3,2,2019-11-05 05:09:53
2020-08-17 16:23:47,The Rain,341704,13991889,1,3,2020-08-17 16:22:42
2020-08-17 16:24:54,The Rain,341704,13991889,3,5,2019-06-10 05:55:55
2018-11-25 19:49:48,Elite,346328,13991889,3,1,2018-11-25 19:49:48
2018-09-08 21:52:29,Super Dragon Ball Heroes,347734,13991889,1,1,2018-09-08 21:52:29
2024-05-13 16:23:07,Demon Slayer: Kimetsu no Yaiba,348545,13991889,3,2,2021-04-07 03:47:40
2018-09-27 16:08:05,Paradise PD,348922,13991889,1,3,2018-09-14 20:00:34
2018-09-18 21:41:48,Paradise PD,348922,13991889,2,0,2018-09-08 21:52:18
2018-09-27 16:07:58,Paradise PD,348922,13991889,3,7,2018-09-08 20:59:45
2021-01-24 15:19:37,Dr. STONE,355774,13991889,1,1,2021-01-24 15:19:37
2019-11-01 00:26:59,The Rook,360927,13991889,3,13,2019-10-30 19:40:32
2019-12-12 05:49:13,Batwoman,361315,13991889,1,3,2019-12-12 05:47:42
2020-02-24 05:39:09,Batwoman,361315,13991889,3,10,2019-12-12 05:47:45
2019-12-12 05:49:10,Batwoman,361315,13991889,8,1,2019-12-12 05:48:46
2020-07-22 04:57:11,Stargirl,361868,13991889,1,1,2020-07-22 04:57:11
2020-11-11 04:12:46,Devs,364149,13991889,1,0,2020-11-11 04:11:06
2021-10-24 06:17:22,Inside Job,365098,13991889,3,1,2021-10-24 06:17:22
2022-05-16 04:16:19,Halo,366524,13991889,3,4,2022-05-16 04:16:01
2020-03-02 08:25:03,I Am Not Okay With This,375998,13991889,1,4,2020-03-02 08:16:54
2020-03-02 08:20:11,I Am Not Okay With This,375998,13991889,3,3,2020-03-02 08:15:15
2023-11-18 15:14:30,JUJUTSU KAISEN,377543,13991889,3,1,2023-11-18 15:14:30
2021-10-09 00:32:18,Platinum End,399902,13991889,3,1,2021-10-09 00:32:18
2021-10-09 00:32:18,Platinum End,399902,13991889,6,0,2021-10-09 00:32:17
2021-05-19 06:02:31,Sex!fy,399966,13991889,1,1,2021-05-19 06:02:31
2021-05-19 05:54:30,Sex!fy,399966,13991889,8,1,2021-05-19 05:54:30
2021-10-17 21:35:56,The Great Jahy Will Not Be Defeated!,401911,13991889,1,1,2021-10-17 21:35:56
2024-06-21 18:21:07,The Bear,403294,13991889,3,2,2024-06-21 18:21:04
