created_at,updated_at,user_id,badge_id
2019-05-25 22:43:13,2019-05-25 22:43:13,13991889,121361-serial-actor-voter-3-bd
2024-01-25 02:57:26,2024-01-25 02:57:26,13991889,247808-marathoner-3-within-24-bd
2023-12-01 20:36:05,2023-12-01 20:36:05,13991889,247808-marathoner-5-within-24-bd
2018-07-20 23:54:50,2018-07-20 23:54:50,13991889,250749-marathoner-3-within-24-bd
2018-08-14 21:48:17,2018-08-14 21:48:17,13991889,250749-serial-actor-voter-10-bd
2018-08-07 05:34:51,2018-08-07 05:34:51,13991889,250749-serial-actor-voter-3-bd
2018-08-12 05:14:12,2018-08-12 05:14:12,13991889,250749-serial-actor-voter-5-bd
2018-08-14 21:48:19,2018-08-14 21:48:19,13991889,250749-serial-emotioner-10-bd
2018-08-07 05:34:53,2018-08-07 05:34:53,13991889,250749-serial-emotioner-3-bd
2018-08-12 05:14:15,2018-08-12 05:14:15,13991889,250749-serial-emotioner-5-bd
2017-12-30 07:15:01,2017-12-30 07:15:01,13991889,253463-marathoner-3-within-24-bd
2023-07-09 00:59:28,2023-07-09 00:59:28,13991889,253463-quick-watcher-10-bd
2017-12-30 07:15:01,2017-12-30 07:15:01,13991889,253463-quick-watcher-3-bd
2017-12-30 08:17:17,2017-12-30 08:17:17,13991889,253463-quick-watcher-5-bd
2023-07-09 00:59:35,2023-07-09 00:59:35,13991889,253463-serial-emotioner-3-bd
2018-01-19 04:42:52,2018-01-19 04:42:52,13991889,264492-marathoner-3-within-24-bd
2018-02-02 03:56:50,2018-02-02 03:56:50,13991889,264492-marathoner-5-within-24-bd
2023-05-07 03:41:35,2023-05-07 03:41:35,13991889,267440-marathoner-3-within-24-bd
2021-10-10 01:15:09,2021-10-10 01:15:09,13991889,267441-marathoner-3-within-24-bd
2018-09-08 14:50:23,2018-09-08 14:50:23,13991889,268592-marathoner-3-within-24-bd
2024-01-26 01:45:18,2024-01-26 01:45:18,13991889,268592-marathoner-5-within-24-bd
2020-05-29 03:21:08,2020-05-29 03:21:08,13991889,268592-quick-watcher-3-bd
2018-09-08 14:50:58,2018-09-08 14:50:58,13991889,268592-serial-actor-voter-3-bd
2018-09-08 14:51:14,2018-09-08 14:51:14,13991889,268592-serial-actor-voter-5-bd
2018-09-07 20:50:53,2018-09-07 20:50:53,13991889,268592-serial-emotioner-3-bd
2018-09-07 20:51:10,2018-09-07 20:51:10,13991889,268592-serial-emotioner-5-bd
2018-08-19 05:32:16,2018-08-19 05:32:16,13991889,270701-marathoner-10-within-48-bd
2018-07-23 04:34:36,2018-07-23 04:34:36,13991889,270701-marathoner-3-within-24-bd
2018-08-19 03:31:18,2018-08-19 03:31:18,13991889,270701-marathoner-5-within-24-bd
2018-08-03 19:18:44,2018-08-03 19:18:44,13991889,270701-serial-actor-voter-10-bd
2018-08-24 22:18:06,2018-08-24 22:18:06,13991889,270701-serial-actor-voter-15-bd
2018-07-31 18:53:24,2018-07-31 18:53:24,13991889,270701-serial-actor-voter-3-bd
2018-08-02 01:00:40,2018-08-02 01:00:40,13991889,270701-serial-actor-voter-5-bd
2018-08-03 19:18:33,2018-08-03 19:18:33,13991889,270701-serial-emotioner-10-bd
2018-08-24 22:18:05,2018-08-24 22:18:05,13991889,270701-serial-emotioner-15-bd
2018-07-31 18:53:27,2018-07-31 18:53:27,13991889,270701-serial-emotioner-3-bd
2018-08-02 01:00:42,2018-08-02 01:00:42,13991889,270701-serial-emotioner-5-bd
2022-06-24 02:27:04,2022-06-24 02:27:04,13991889,270915-marathoner-3-within-24-bd
2020-02-18 05:25:04,2020-02-18 05:25:04,13991889,273181-marathoner-3-within-24-bd
2022-08-16 12:16:02,2022-08-16 12:16:02,13991889,273181-quick-watcher-10-bd
2022-05-17 20:16:06,2022-05-17 20:16:06,13991889,273181-quick-watcher-3-bd
2022-07-12 22:56:46,2022-07-12 22:56:46,13991889,273181-quick-watcher-5-bd
2019-08-09 06:10:31,2019-08-09 06:10:31,13991889,273690-marathoner-3-within-24-bd
2017-09-10 04:37:21,2017-09-10 04:37:21,13991889,275274-marathoner-3-within-24-bd
2021-09-06 17:52:27,2021-09-06 17:52:27,13991889,275274-quick-watcher-10-bd
2022-11-21 20:13:14,2022-11-21 20:13:14,13991889,275274-quick-watcher-3-bd
2018-06-11 01:16:00,2018-06-11 01:16:00,13991889,277165-marathoner-3-within-24-bd
2022-04-06 16:23:37,2022-04-06 16:23:37,13991889,279121-marathoner-3-within-24-bd
2019-12-11 20:05:57,2019-12-11 20:05:57,13991889,279121-quick-watcher-10-bd
2018-05-03 02:47:02,2018-05-03 02:47:02,13991889,279121-quick-watcher-3-bd
2019-01-31 22:44:45,2019-01-31 22:44:45,13991889,279121-quick-watcher-5-bd
2020-02-14 04:37:24,2020-02-14 04:37:24,13991889,279121-serial-actor-voter-10-bd
2018-11-15 09:45:55,2018-11-15 09:45:55,13991889,279121-serial-actor-voter-3-bd
2020-02-14 04:37:24,2020-02-14 04:37:24,13991889,279121-serial-actor-voter-5-bd
2018-11-15 09:45:57,2018-11-15 09:45:57,13991889,279121-serial-emotioner-3-bd
2021-07-06 18:52:54,2021-07-06 18:52:54,13991889,279831-marathoner-3-within-24-bd
2020-07-27 06:51:03,2020-07-27 06:51:03,13991889,280329-serial-actor-voter-3-bd
2020-05-14 03:03:27,2020-05-14 03:03:27,13991889,281249-marathoner-3-within-24-bd
2019-07-08 19:21:33,2019-07-08 19:21:33,13991889,281470-marathoner-3-within-24-bd
2019-07-09 04:19:41,2019-07-09 04:19:41,13991889,281470-marathoner-5-within-24-bd
2019-07-07 10:54:19,2019-07-07 10:54:19,13991889,281470-serial-actor-voter-3-bd
2019-07-07 10:54:19,2019-07-07 10:54:19,13991889,281470-serial-actor-voter-5-bd
2019-07-17 05:48:37,2019-07-17 05:48:37,13991889,282994-marathoner-3-within-24-bd
2019-10-01 03:40:05,2019-10-01 03:40:05,13991889,282994-serial-actor-voter-3-bd
2019-10-04 19:26:24,2019-10-04 19:26:24,13991889,282994-serial-actor-voter-5-bd
2020-04-09 06:06:03,2020-04-09 06:06:03,13991889,284131-marathoner-3-within-24-bd
2020-04-09 07:58:02,2020-04-09 07:58:02,13991889,284131-marathoner-5-within-24-bd
2018-01-04 18:48:51,2018-01-04 18:48:51,13991889,289590-marathoner-3-within-24-bd
2019-10-30 02:58:38,2019-10-30 02:58:38,13991889,289590-serial-actor-voter-3-bd
2018-01-10 17:38:42,2018-01-10 17:38:42,13991889,293194-marathoner-3-within-24-bd
2018-01-11 06:01:11,2018-01-11 06:01:11,13991889,293194-marathoner-5-within-24-bd
2018-03-24 16:03:50,2018-03-24 16:03:50,13991889,295068-marathoner-3-within-24-bd
2018-05-17 21:17:15,2018-05-17 21:17:15,13991889,295068-marathoner-5-within-24-bd
2018-05-17 00:44:48,2018-05-17 00:44:48,13991889,295068-serial-actor-voter-3-bd
2018-05-17 00:45:00,2018-05-17 00:45:00,13991889,295068-serial-emotioner-3-bd
2019-08-01 04:18:18,2019-08-01 04:18:18,13991889,295743-marathoner-3-within-24-bd
2020-05-07 15:30:34,2020-05-07 15:30:34,13991889,295760-quick-watcher-3-bd
2020-06-25 06:50:46,2020-06-25 06:50:46,13991889,305074-marathoner-3-within-24-bd
2021-08-28 22:10:30,2021-08-28 22:10:30,13991889,305074-quick-watcher-10-bd
2022-10-01 15:41:48,2022-10-01 15:41:48,13991889,305074-quick-watcher-15-bd
2023-01-22 10:30:26,2023-01-22 10:30:26,13991889,305074-quick-watcher-3-bd
2021-07-17 15:38:02,2021-07-17 15:38:02,13991889,305074-quick-watcher-5-bd
2019-07-10 20:35:28,2019-07-10 20:35:28,13991889,305288-marathoner-3-within-24-bd
2018-01-12 06:55:19,2018-01-12 06:55:19,13991889,305378-marathoner-3-within-24-bd
2017-12-13 07:38:38,2017-12-13 07:38:38,13991889,308772-marathoner-3-within-24-bd
2018-11-26 03:32:56,2018-11-26 03:32:56,13991889,319127-marathoner-3-within-24-bd
2018-03-31 04:25:42,2018-03-31 04:25:42,13991889,320450-marathoner-3-within-24-bd
2018-03-31 21:39:09,2018-03-31 21:39:09,13991889,320450-marathoner-5-within-24-bd
2018-06-07 20:19:34,2018-06-07 20:19:34,13991889,323168-marathoner-3-within-24-bd
2017-12-11 18:04:25,2017-12-11 18:04:25,13991889,327359-marathoner-3-within-24-bd
2018-04-07 04:49:23,2018-04-07 04:49:23,13991889,327417-marathoner-3-within-24-bd
2019-07-22 01:53:53,2019-07-22 01:53:53,13991889,327417-marathoner-5-within-24-bd
2019-07-19 21:05:14,2019-07-19 21:05:14,13991889,327417-quick-watcher-3-bd
2019-07-21 20:10:14,2019-07-21 20:10:14,13991889,327417-quick-watcher-5-bd
2018-07-17 19:15:07,2018-07-17 19:15:07,13991889,328361-marathoner-3-within-24-bd
2018-07-17 02:17:25,2018-07-17 02:17:25,13991889,328361-serial-actor-voter-3-bd
2018-08-19 17:33:16,2018-08-19 17:33:16,13991889,328599-serial-actor-voter-3-bd
2018-09-09 23:45:33,2018-09-09 23:45:33,13991889,328599-serial-actor-voter-5-bd
2018-09-14 19:59:51,2018-09-14 19:59:51,13991889,328599-serial-emotioner-10-bd
2018-08-19 17:33:14,2018-08-19 17:33:14,13991889,328599-serial-emotioner-3-bd
2018-09-09 23:45:30,2018-09-09 23:45:30,13991889,328599-serial-emotioner-5-bd
2020-02-04 05:06:29,2020-02-04 05:06:29,13991889,328690-marathoner-3-within-24-bd
2018-01-22 04:04:33,2018-01-22 04:04:33,13991889,328724-marathoner-3-within-24-bd
2018-01-22 06:40:12,2018-01-22 06:40:12,13991889,328724-marathoner-5-within-24-bd
2019-11-08 05:29:15,2019-11-08 05:29:15,13991889,330374-marathoner-3-within-24-bd
2019-11-08 06:39:42,2019-11-08 06:39:43,13991889,330374-serial-actor-voter-10-bd
2019-11-07 06:17:00,2019-11-07 06:17:00,13991889,330374-serial-actor-voter-3-bd
2019-11-07 07:03:44,2019-11-07 07:03:44,13991889,330374-serial-actor-voter-5-bd
2018-02-28 05:49:25,2018-02-28 05:49:25,13991889,332331-marathoner-3-within-24-bd
2018-07-29 04:41:59,2018-07-29 04:41:59,13991889,332353-marathoner-3-within-24-bd
2018-07-29 04:42:06,2018-07-29 04:42:06,13991889,332353-serial-actor-voter-10-bd
2018-07-29 01:02:04,2018-07-29 01:02:04,13991889,332353-serial-actor-voter-3-bd
2018-07-29 01:02:11,2018-07-29 01:02:11,13991889,332353-serial-actor-voter-5-bd
2018-07-29 04:42:04,2018-07-29 04:42:04,13991889,332353-serial-emotioner-10-bd
2018-07-29 01:01:53,2018-07-29 01:01:53,13991889,332353-serial-emotioner-3-bd
2018-07-29 01:02:18,2018-07-29 01:02:18,13991889,332353-serial-emotioner-5-bd
2018-11-03 02:49:32,2018-11-03 02:49:32,13991889,332525-serial-actor-voter-3-bd
2019-10-28 23:50:42,2019-10-28 23:50:42,13991889,332525-serial-actor-voter-5-bd
2018-11-03 02:49:31,2018-11-03 02:49:31,13991889,332525-serial-emotioner-3-bd
2018-01-08 03:43:42,2018-01-08 03:43:42,13991889,336522-marathoner-3-within-24-bd
2019-11-06 05:30:06,2019-11-06 05:30:06,13991889,336522-quick-watcher-3-bd
2019-11-06 06:45:16,2019-11-06 06:45:16,13991889,336522-quick-watcher-5-bd
2019-11-06 05:30:10,2019-11-06 05:30:10,13991889,336522-serial-actor-voter-3-bd
2019-11-06 06:45:29,2019-11-06 06:45:29,13991889,336522-serial-actor-voter-5-bd
2020-05-30 16:34:54,2020-05-30 16:34:54,13991889,338192-marathoner-3-within-24-bd
2018-12-26 04:09:04,2018-12-26 04:09:04,13991889,338903-marathoner-3-within-24-bd
2018-08-18 04:45:09,2018-08-18 04:45:09,13991889,340234-marathoner-3-within-24-bd
2019-09-23 15:34:12,2019-09-23 15:34:12,13991889,340234-marathoner-5-within-24-bd
2018-08-19 02:23:55,2018-08-19 02:23:55,13991889,340234-quick-watcher-10-bd
2018-08-18 04:45:09,2018-08-18 04:45:09,13991889,340234-quick-watcher-3-bd
2018-08-18 14:40:18,2018-08-18 14:40:18,13991889,340234-quick-watcher-5-bd
2018-08-19 02:24:20,2018-08-19 02:24:20,13991889,340234-serial-actor-voter-10-bd
2018-08-18 04:45:16,2018-08-18 04:45:16,13991889,340234-serial-actor-voter-3-bd
2018-08-18 14:40:25,2018-08-18 14:40:25,13991889,340234-serial-actor-voter-5-bd
2018-08-19 02:24:05,2018-08-19 02:24:05,13991889,340234-serial-emotioner-10-bd
2018-08-18 04:45:15,2018-08-18 04:45:15,13991889,340234-serial-emotioner-3-bd
2018-08-18 14:40:21,2018-08-18 14:40:21,13991889,340234-serial-emotioner-5-bd
2018-02-19 07:51:32,2018-02-19 07:51:32,13991889,341282-marathoner-3-within-24-bd
2020-03-02 19:05:40,2020-03-02 19:05:40,13991889,341663-marathoner-3-within-24-bd
2018-07-08 03:03:18,2018-07-08 03:03:18,13991889,341704-marathoner-3-within-24-bd
2020-08-17 16:22:36,2020-08-17 16:22:36,13991889,341704-serial-actor-voter-3-bd
2020-08-17 16:22:36,2020-08-17 16:22:36,13991889,341704-serial-actor-voter-5-bd
2024-01-08 05:09:22,2024-01-08 05:09:22,13991889,347734-marathoner-3-within-24-bd
2018-10-28 19:37:07,2018-10-28 19:37:07,13991889,347734-quick-watcher-3-bd
2018-12-24 02:59:30,2018-12-24 02:59:30,13991889,347734-quick-watcher-5-bd
2021-04-18 06:23:38,2021-04-18 06:23:38,13991889,348545-marathoner-3-within-24-bd
2022-01-21 17:25:00,2022-01-21 17:25:00,13991889,348545-quick-watcher-3-bd
2018-09-27 16:07:56,2018-09-27 16:07:56,13991889,348922-serial-actor-voter-10-bd
2018-09-14 20:00:41,2018-09-14 20:00:41,13991889,348922-serial-actor-voter-3-bd
2018-09-18 21:41:39,2018-09-18 21:41:39,13991889,348922-serial-actor-voter-5-bd
2018-09-27 16:07:55,2018-09-27 16:07:55,13991889,348922-serial-emotioner-10-bd
2018-09-14 20:00:34,2018-09-14 20:00:34,13991889,348922-serial-emotioner-3-bd
2018-09-18 21:41:38,2018-09-18 21:41:38,13991889,348922-serial-emotioner-5-bd
2019-07-24 06:05:44,2019-07-24 06:05:44,13991889,353232-marathoner-3-within-24-bd
2019-02-16 07:34:36,2019-02-16 07:34:36,13991889,353764-marathoner-3-within-24-bd
2019-02-16 07:34:36,2019-02-16 07:34:36,13991889,353764-quick-watcher-3-bd
2020-07-31 18:58:39,2020-07-31 18:58:39,13991889,353764-quick-watcher-5-bd
2023-11-19 00:58:48,2023-11-19 00:58:48,13991889,355774-marathoner-3-within-24-bd
2023-04-21 23:19:36,2023-04-21 23:19:36,13991889,355774-quick-watcher-3-bd
2019-01-16 05:07:13,2019-01-16 05:07:13,13991889,356317-marathoner-3-within-24-bd
2020-01-19 02:47:12,2020-01-19 02:47:12,13991889,356317-quick-watcher-3-bd
2020-01-19 05:01:17,2020-01-19 05:01:17,13991889,356317-quick-watcher-5-bd
2019-02-12 00:08:03,2019-02-12 00:08:03,13991889,356640-marathoner-3-within-24-bd
2019-10-30 19:41:33,2019-10-30 19:41:33,13991889,360927-serial-actor-voter-3-bd
2019-10-30 19:41:33,2019-10-30 19:41:33,13991889,360927-serial-actor-voter-5-bd
2020-07-22 05:39:45,2020-07-22 05:39:45,13991889,361034-marathoner-3-within-24-bd
2020-07-22 05:39:45,2020-07-22 05:39:45,13991889,361034-quick-watcher-3-bd
2020-07-23 04:36:26,2020-07-23 04:36:26,13991889,361034-quick-watcher-5-bd
2020-02-24 05:35:44,2020-02-24 05:35:44,13991889,361315-serial-actor-voter-10-bd
2019-12-12 05:48:17,2019-12-12 05:48:17,13991889,361315-serial-actor-voter-3-bd
2019-12-12 05:48:36,2019-12-12 05:48:36,13991889,361315-serial-actor-voter-5-bd
2020-07-14 00:39:56,2020-07-14 00:39:56,13991889,361868-quick-watcher-3-bd
2020-07-28 05:10:06,2020-07-28 05:10:06,13991889,361868-quick-watcher-5-bd
2020-02-10 20:30:22,2020-02-10 20:30:22,13991889,362696-marathoner-3-within-24-bd
2023-02-19 18:14:18,2023-02-19 18:14:18,13991889,362829-marathoner-3-within-24-bd
2019-06-17 21:52:25,2019-06-17 21:52:25,13991889,364082-marathoner-3-within-24-bd
2019-06-18 00:43:30,2019-06-18 00:43:30,13991889,364082-marathoner-5-within-24-bd
2020-09-13 07:08:43,2020-09-13 07:08:43,13991889,364468-quick-watcher-3-bd
2019-08-10 05:36:39,2019-08-10 05:36:39,13991889,365722-marathoner-3-within-24-bd
2022-05-16 04:17:01,2022-05-16 04:17:01,13991889,366524-serial-actor-voter-3-bd
2023-05-02 00:58:24,2023-05-02 00:58:24,13991889,368613-marathoner-3-within-24-bd
2020-03-30 10:53:48,2020-03-30 10:53:48,13991889,370471-quick-watcher-3-bd
2020-05-21 21:41:57,2020-05-21 21:41:57,13991889,375892-marathoner-3-within-24-bd
2020-03-02 08:16:24,2020-03-02 08:16:24,13991889,375998-serial-actor-voter-3-bd
2020-03-02 08:16:24,2020-03-02 08:16:24,13991889,375998-serial-actor-voter-5-bd
2021-03-03 03:21:06,2021-03-03 03:21:06,13991889,377543-marathoner-3-within-24-bd
2023-09-02 21:03:08,2023-09-02 21:03:08,13991889,377543-quick-watcher-3-bd
2020-11-03 19:32:30,2020-11-03 19:32:30,13991889,387115-marathoner-3-within-24-bd
2023-05-02 03:58:27,2023-05-02 03:58:27,13991889,393201-marathoner-3-within-24-bd
2023-05-02 04:03:05,2023-05-02 04:03:05,13991889,393201-marathoner-5-within-24-bd
2023-08-07 15:06:05,2023-08-07 15:06:05,13991889,393203-marathoner-3-within-24-bd
2021-10-04 04:59:15,2021-10-04 04:59:15,13991889,401911-quick-watcher-3-bd
2023-04-15 17:30:40,2023-04-15 17:30:40,13991889,402474-quick-watcher-3-bd
2023-05-01 03:10:37,2023-05-01 03:10:37,13991889,402474-quick-watcher-5-bd
2023-08-24 23:35:35,2023-08-24 23:35:35,13991889,403245-marathoner-3-within-24-bd
2022-11-27 23:08:21,2022-11-27 23:08:21,13991889,405920-quick-watcher-10-bd
2022-10-10 14:58:43,2022-10-10 14:58:43,13991889,405920-quick-watcher-3-bd
2022-10-23 04:38:17,2022-10-23 04:38:17,13991889,405920-quick-watcher-5-bd
2024-01-25 02:57:48,2024-01-25 02:57:48,13991889,410100-marathoner-3-within-24-bd
2022-07-01 02:19:16,2022-07-01 02:19:16,13991889,412031-marathoner-3-within-24-bd
2024-01-01 04:03:24,2024-01-01 04:03:24,13991889,413033-marathoner-3-within-24-bd
2024-01-04 02:11:06,2024-01-04 02:11:06,13991889,413033-marathoner-5-within-24-bd
2023-04-27 17:31:00,2023-04-27 17:31:00,13991889,416952-marathoner-3-within-24-bd
2023-04-27 17:31:29,2023-04-27 17:31:29,13991889,416952-marathoner-5-within-24-bd
2023-12-06 09:42:31,2023-12-06 09:42:31,13991889,425416-marathoner-3-within-24-bd
2023-12-01 19:52:08,2023-12-01 19:52:08,13991889,425416-marathoner-5-within-24-bd
2024-10-26 23:15:24,2024-10-26 23:15:24,13991889,440820-quick-watcher-3-bd
2024-11-09 14:59:42,2024-11-09 14:59:42,13991889,440820-quick-watcher-5-bd
2024-02-02 04:10:38,2024-02-02 04:10:38,13991889,441279-marathoner-3-within-24-bd
2019-10-26 12:48:47,2019-10-26 12:48:47,13991889,74852-serial-actor-voter-3-bd
2019-11-08 20:57:25,2019-11-08 20:57:25,13991889,74852-serial-actor-voter-5-bd
2020-09-04 21:11:29,2020-09-04 21:11:29,13991889,78831-marathoner-3-within-24-bd
2017-12-09 17:43:58,2017-12-09 17:43:58,13991889,79275-marathoner-3-within-24-bd
2017-12-29 18:47:33,2017-12-29 18:47:33,13991889,79275-marathoner-5-within-24-bd
2019-11-08 21:19:26,2019-11-08 21:19:26,13991889,80534-marathoner-10-within-48-bd
2019-07-26 16:24:59,2019-07-26 16:24:59,13991889,80534-marathoner-3-within-24-bd
2019-09-22 16:17:54,2019-09-22 16:17:54,13991889,80534-marathoner-5-within-24-bd
2018-11-25 19:40:02,2018-11-25 19:40:02,13991889,81189-marathoner-3-within-24-bd
2018-07-16 15:10:44,2018-07-16 15:10:44,13991889,added-friend
2017-09-03 12:59:22,2017-09-03 12:59:22,13991889,archived-show
2018-11-25 19:44:36,2018-11-25 19:44:36,13991889,challenged-user-to-quiz
2017-07-12 05:00:35,2017-07-12 05:00:35,13991889,chose-emotion
2018-11-27 01:53:49,2018-11-27 01:53:49,13991889,commented-episode
2020-02-12 05:35:14,2020-02-12 05:35:14,13991889,commented-show
2019-09-23 14:43:23,2019-09-23 14:43:23,13991889,created-meme
2018-09-02 16:24:25,2018-09-02 16:24:25,13991889,displayed-hidden
2017-07-12 05:01:20,2017-07-12 05:01:20,13991889,gave-comment-like
2018-11-27 03:03:27,2018-11-27 03:03:27,13991889,got-comment-like
2018-04-13 02:01:40,2018-04-13 02:01:40,13991889,quizzer-10
2019-03-24 11:38:01,2019-03-24 11:38:01,13991889,reported-comment
2018-01-15 05:04:10,2018-01-15 05:04:10,13991889,serial-watcher-10-bd
2018-01-20 06:26:23,2018-01-20 06:26:23,13991889,serial-watcher-15-bd
2023-11-30 15:25:47,2023-11-30 15:25:47,13991889,serial-watcher-30-bd    
2017-11-13 19:35:08,2017-11-13 19:35:08,13991889,serial-watcher-5-bd
2023-01-05 22:35:51,2023-01-05 22:35:51,13991889,show-off-2022
2017-07-11 22:01:00,2017-07-11 22:01:00,13991889,used-mobile-version
2017-07-22 02:23:26,2017-07-22 02:23:26,13991889,used-web-version
2017-07-12 01:30:07,2017-07-12 01:30:07,13991889,viewed-profile
2017-07-24 08:32:26,2017-07-24 08:32:26,13991889,voted-character
